Geography,dist1,dist2,distfrom
39001770100,10,18,8
39001770200,10,19,9
39001770300,11,19,8
39001770400,12,20,8
39001770500,11,19,8
39001770600,12,20,8
39003010100,11,10,-1
39003010200,10,10,0
39003010300,10,11,1
39003010600,9,13,4
39003010800,10,12,2
39003010900,11,13,2
39003011000,10,12,2
39003011200,10,12,2
39003011300,9,11,2
39003011400,9,10,1
39003011500,8,11,3
39003011600,8,12,4
39003011800,10,13,3
39003011900,9,13,4
39003012000,10,13,3
39003012100,9,13,4
39003012200,11,13,2
39003012300,11,13,2
39003012400,11,13,2
39003012600,10,12,2
39003012700,10,13,3
39003012900,11,13,2
39003013000,11,13,2
39003013100,11,14,3
39003013200,11,14,3
39003013300,11,13,2
39003013400,10,13,3
39003013600,9,13,4
39003013700,9,13,4
39003013800,9,13,4
39003013900,10,13,3
39003014000,11,12,1
39003014100,10,12,2
39005970100,16,3,-13
39005970200,15,3,-12
39005970300,15,4,-11
39005970400,16,4,-12
39005970500,16,5,-11
39005970600,15,5,-10
39005970700,15,6,-9
39005970800,15,5,-10
39005970900,15,4,-11
39005971000,14,5,-9
39005971100,14,5,-9
39007000101,22,8,-14
39007000200,22,8,-14
39007000300,22,8,-14
39007000400,22,8,-14
39007000500,23,9,-14
39007000601,23,9,-14
39007000602,22,8,-14
39007000603,22,8,-14
39007000701,23,9,-14
39007000702,23,9,-14
39007000703,24,10,-14
39007000704,23,9,-14
39007000801,22,8,-14
39007000802,22,8,-14
39007000900,21,7,-14
39007001001,23,9,-14
39007001002,22,8,-14
39007001101,24,10,-14
39007001102,23,9,-14
39007001200,23,9,-14
39007001301,25,11,-14
39007001302,24,10,-14
39007001400,24,10,-14
39007990000,21,7,-14
39009972600,11,12,1
39009972700,11,13,2
39009972800,10,14,4
39009972900,11,14,3
39009973000,12,14,2
39009973101,12,15,3
39009973200,11,14,3
39009973300,12,14,2
39009973400,11,13,2
39009973500,12,12,0
39009973600,12,13,1
39009973700,11,13,2
39009973800,10,14,4
39009973901,13,15,2
39009973902,12,14,2
39011040100,7,11,4
39011040200,8,12,4
39011040300,8,13,5
39011040400,8,13,5
39011040500,8,13,5
39011040600,8,13,5
39011040900,9,14,5
39011041000,9,14,5
39011041100,7,12,5
39011041201,9,14,5
39011041202,9,14,5
39013010100,19,13,-6
39013010200,19,13,-6
39013010300,18,12,-6
39013010600,17,11,-6
39013010700,17,11,-6
39013010802,18,12,-6
39013010900,17,11,-6
39013011000,16,11,-5
39013011200,17,12,-5
39013011300,18,13,-5
39013011400,18,13,-5
39013012200,18,12,-6
39013012300,18,12,-6
39013012400,19,13,-6
39015951201,9,19,10
39015951202,10,20,10
39015951300,10,20,10
39015951400,10,20,10
39015951500,10,19,9
39015951600,11,20,9
39015951700,11,20,9
39015951800,11,21,10
39015951900,11,21,10
39017000100,17,23,6
39017000200,16,22,6
39017000300,16,22,6
39017000400,16,23,7
39017000500,15,23,8
39017000600,15,23,8
39017001001,15,22,7
39017001002,15,21,6
39017001100,16,22,6
39017001300,15,21,6
39017010202,13,19,6
39017010203,14,20,6
39017010301,14,21,7
39017010302,14,20,6
39017010500,15,22,7
39017010600,14,21,7
39017010800,15,21,6
39017010901,16,22,6
39017010903,17,24,7
39017010904,17,23,6
39017010906,16,24,8
39017010907,17,25,8
39017010908,16,24,8
39017010909,15,24,9
39017010910,17,23,6
39017010911,16,22,6
39017011002,14,22,8
39017011003,14,23,9
39017011004,15,23,8
39017011109,12,23,11
39017011110,13,24,11
39017011111,13,24,11
39017011112,14,24,10
39017011116,13,24,11
39017011117,13,23,10
39017011118,11,22,11
39017011120,12,23,11
39017011121,12,23,11
39017011122,14,25,11
39017011123,14,25,11
39017011125,13,24,11
39017011126,13,24,11
39017011127,14,25,11
39017011128,13,24,11
39017011129,14,25,11
39017011130,14,25,11
39017011131,13,24,11
39017011200,11,22,11
39017011300,12,23,11
39017011800,13,22,9
39017012100,13,22,9
39017012200,12,22,10
39017012300,12,23,11
39017012400,11,22,11
39017012500,11,22,11
39017012600,12,23,11
39017012700,13,23,10
39017013000,12,22,10
39017013100,12,23,11
39017013200,12,23,11
39017013300,12,23,11
39017013400,12,23,11
39017013500,12,23,11
39017013600,11,22,11
39017013900,12,23,11
39017014000,12,22,10
39017014100,11,22,11
39017014300,13,21,8
39017014400,13,23,10
39017014600,15,23,8
39017014700,16,22,6
39017014800,15,21,6
39017014900,15,21,6
39017015000,14,20,6
39017015100,13,22,9
39019720100,20,13,-7
39019720200,21,13,-8
39019720300,21,12,-9
39019720400,20,12,-8
39019720500,20,13,-7
39019720600,19,13,-6
39019720700,19,12,-7
39021010100,5,12,7
39021010200,5,12,7
39021010400,5,13,8
39021010500,5,13,8
39021010600,5,14,9
39021011001,4,13,9
39021011501,5,12,7
39021011504,4,13,9
39021011505,5,12,7
39021011506,5,12,7
39023000200,1,17,16
39023000300,0,17,17
39023000400,1,17,16
39023000500,2,16,14
39023000600,2,16,14
39023000700,2,16,14
39023000901,2,17,15
39023000902,2,17,15
39023001000,3,16,13
39023001101,2,17,15
39023001102,2,16,14
39023001200,1,16,15
39023001300,1,16,15
39023001400,2,16,14
39023001500,2,16,14
39023001600,2,15,13
39023001700,3,15,12
39023001900,2,16,14
39023002000,2,15,13
39023002100,2,16,14
39023002200,2,15,13
39023002301,4,13,9
39023002403,4,15,11
39023002404,4,16,12
39023002501,4,15,11
39023002502,3,15,12
39023002601,4,13,9
39023002602,3,14,11
39023002605,3,14,11
39023002606,4,15,11
39023002701,4,14,10
39023002702,4,15,11
39023002800,3,14,11
39023002901,4,15,11
39023002902,4,15,11
39023003001,4,15,11
39023003002,3,15,12
39023003101,4,15,11
39023003102,4,15,11
39023003200,3,16,13
39023003301,3,14,11
39023003302,4,15,11
39023003400,1,16,15
39023003700,3,15,12
39025040101,10,20,10
39025040102,11,21,10
39025040202,10,21,11
39025040203,10,21,11
39025040204,11,22,11
39025040301,12,23,11
39025040302,11,22,11
39025040303,11,22,11
39025040401,13,24,11
39025040403,12,23,11
39025040404,12,23,11
39025040405,12,23,11
39025040500,13,23,10
39025040600,12,22,10
39025040701,12,23,11
39025040702,11,22,11
39025040800,11,21,10
39025040900,11,21,10
39025041000,11,21,10
39025041101,12,22,10
39025041102,12,22,10
39025041103,12,22,10
39025041200,13,23,10
39025041303,13,23,10
39025041304,13,23,10
39025041305,14,24,10
39025041306,13,23,10
39025041307,12,22,10
39025041403,14,24,10
39025041404,14,24,10
39025041405,13,23,10
39025041406,13,23,10
39025041501,13,23,10
39025041502,12,22,10
39025041600,13,23,10
39025041701,12,22,10
39025041702,12,22,10
39025041900,11,21,10
39025042000,12,22,10
39027964300,6,17,11
39027964400,7,18,11
39027964500,8,19,11
39027964600,9,20,11
39027964700,8,19,11
39027964800,8,19,11
39027964900,9,20,11
39027965000,8,19,11
39027965100,7,18,11
39029950100,23,16,-7
39029950200,24,17,-7
39029950300,23,16,-7
39029950400,22,15,-7
39029950500,23,16,-7
39029950600,24,17,-7
39029950700,23,16,-7
39029950800,22,15,-7
39029950900,22,14,-8
39029951000,21,14,-7
39029951100,21,15,-6
39029951200,20,14,-6
39029951300,21,15,-6
39029951400,22,16,-6
39029951500,23,17,-6
39029951600,23,17,-6
39029951700,22,16,-6
39029951800,21,15,-6
39029951900,22,16,-6
39029952000,23,17,-6
39029952100,23,17,-6
39029952200,24,18,-6
39029952300,24,18,-6
39029952400,24,18,-6
39031960900,15,8,-7
39031961000,14,7,-7
39031961100,13,7,-6
39031961200,14,8,-6
39031961300,15,8,-7
39031961400,15,9,-6
39031961500,16,9,-7
39031961600,15,9,-6
39031961700,15,9,-6
39031961800,15,9,-6
39033974100,12,6,-6
39033974200,11,6,-5
39033974300,12,7,-5
39033974400,12,7,-5
39033974500,13,8,-5
39033974600,12,7,-5
39033974700,11,7,-4
39033974800,12,7,-5
39033974900,12,7,-5
39033975000,12,8,-4
39033975100,13,8,-5
39033975200,12,8,-4
39033975300,12,7,-5
39035101101,21,7,-14
39035101102,20,6,-14
39035101200,20,6,-14
39035101300,21,7,-14
39035101400,22,8,-14
39035101501,22,8,-14
39035101603,23,9,-14
39035101700,22,8,-14
39035101800,21,7,-14
39035101901,21,7,-14
39035102101,23,9,-14
39035102102,24,10,-14
39035102200,24,10,-14
39035102300,23,9,-14
39035102401,23,9,-14
39035102402,22,8,-14
39035102700,22,8,-14
39035102800,22,8,-14
39035102900,22,8,-14
39035103100,21,7,-14
39035103300,21,7,-14
39035103400,22,8,-14
39035103500,21,7,-14
39035103602,20,6,-14
39035103800,21,7,-14
39035103900,21,7,-14
39035104100,21,7,-14
39035104200,21,7,-14
39035104300,22,8,-14
39035104400,22,8,-14
39035104600,22,8,-14
39035104800,22,8,-14
39035104900,23,9,-14
39035105100,23,9,-14
39035105300,23,9,-14
39035105400,24,10,-14
39035105500,24,10,-14
39035105602,23,9,-14
39035105700,24,10,-14
39035105900,25,11,-14
39035106100,24,10,-14
39035106200,25,11,-14
39035106300,25,11,-14
39035106400,26,12,-14
39035106500,25,11,-14
39035106600,26,12,-14
39035106800,25,11,-14
39035106900,25,11,-14
39035107000,24,10,-14
39035107101,20,6,-14
39035107701,21,7,-14
39035107802,21,7,-14
39035108201,20,6,-14
39035108301,21,7,-14
39035108400,21,7,-14
39035108701,22,8,-14
39035109301,22,8,-14
39035109701,23,9,-14
39035109801,23,9,-14
39035110501,23,9,-14
39035110801,23,9,-14
39035110901,23,9,-14
39035111202,20,6,-14
39035111401,21,7,-14
39035111500,21,7,-14
39035111600,21,7,-14
39035111700,21,7,-14
39035111800,22,8,-14
39035111902,21,7,-14
39035112100,21,7,-14
39035112200,22,8,-14
39035112301,22,8,-14
39035112400,22,8,-14
39035112500,22,8,-14
39035112600,23,9,-14
39035112800,23,9,-14
39035113101,23,9,-14
39035113500,24,10,-14
39035113600,24,10,-14
39035113801,23,9,-14
39035114100,24,10,-14
39035114300,25,11,-14
39035114501,25,11,-14
39035114600,24,10,-14
39035114700,24,10,-14
39035114900,24,10,-14
39035115100,24,10,-14
39035115200,24,10,-14
39035115300,25,11,-14
39035115400,24,10,-14
39035115700,24,10,-14
39035115800,24,10,-14
39035115900,24,10,-14
39035116100,21,7,-14
39035116200,21,7,-14
39035116300,22,8,-14
39035116400,22,8,-14
39035116500,22,8,-14
39035116600,23,9,-14
39035116700,21,7,-14
39035116800,22,8,-14
39035116900,23,9,-14
39035117101,20,6,-14
39035117102,21,7,-14
39035117201,20,6,-14
39035117202,21,7,-14
39035117300,22,8,-14
39035117400,22,8,-14
39035117500,22,8,-14
39035117600,20,6,-14
39035117700,20,6,-14
39035117800,21,7,-14
39035117900,22,8,-14
39035118101,22,8,-14
39035118200,23,9,-14
39035118301,23,9,-14
39035118400,23,9,-14
39035118500,24,10,-14
39035118602,22,8,-14
39035118700,23,9,-14
39035118800,24,10,-14
39035118900,23,9,-14
39035119100,24,10,-14
39035119202,24,10,-14
39035119300,25,11,-14
39035119401,25,11,-14
39035119402,26,12,-14
39035119501,27,13,-14
39035119502,26,12,-14
39035119600,26,12,-14
39035119701,28,14,-14
39035119702,27,13,-14
39035119800,27,13,-14
39035119900,28,14,-14
39035120200,26,12,-14
39035120400,26,12,-14
39035120500,26,12,-14
39035120600,26,12,-14
39035120701,27,13,-14
39035120702,27,13,-14
39035120801,28,14,-14
39035120802,28,14,-14
39035121100,26,12,-14
39035121200,27,13,-14
39035121300,25,11,-14
39035121401,26,12,-14
39035121403,26,12,-14
39035121500,27,13,-14
39035121700,28,14,-14
39035121800,29,15,-14
39035121900,28,14,-14
39035122100,29,15,-14
39035122200,27,13,-14
39035122300,28,14,-14
39035123100,22,8,-14
39035123200,22,8,-14
39035123400,23,9,-14
39035123501,23,9,-14
39035123502,23,9,-14
39035123601,25,9,-16
39035123602,24,9,-15
39035123603,24,9,-15
39035123700,24,8,-16
39035123800,24,8,-16
39035123900,24,10,-14
39035124100,24,10,-14
39035124201,24,10,-14
39035124202,25,9,-16
39035124300,25,9,-16
39035124500,24,8,-16
39035124600,24,9,-15
39035126100,23,9,-14
39035127501,25,11,-14
39035130103,20,6,-14
39035130104,20,6,-14
39035130105,20,6,-14
39035130106,20,6,-14
39035131102,27,13,-14
39035131103,26,12,-14
39035131104,26,12,-14
39035132100,27,13,-14
39035132200,27,12,-15
39035132301,26,12,-14
39035132302,26,12,-14
39035133103,28,13,-15
39035133104,27,12,-15
39035134100,22,6,-16
39035134203,21,5,-16
39035134204,21,5,-16
39035134205,21,5,-16
39035134206,22,6,-16
39035134300,22,6,-16
39035135103,25,9,-16
39035135104,25,9,-16
39035135105,24,8,-16
39035135106,24,8,-16
39035136101,24,8,-16
39035136102,23,7,-16
39035136103,24,8,-16
39035137101,23,9,-14
39035137102,24,10,-14
39035137103,24,10,-14
39035138105,22,6,-16
39035138106,23,7,-16
39035138107,24,8,-16
39035138108,24,8,-16
39035138109,24,8,-16
39035138110,24,8,-16
39035140100,24,10,-14
39035140301,24,10,-14
39035140302,25,11,-14
39035140400,25,11,-14
39035140500,25,11,-14
39035140600,26,12,-14
39035140701,26,12,-14
39035140702,27,13,-14
39035140800,26,12,-14
39035140900,27,13,-14
39035141000,25,11,-14
39035141100,25,11,-14
39035141200,26,12,-14
39035141300,25,11,-14
39035141400,26,12,-14
39035141500,26,12,-14
39035141601,27,13,-14
39035141602,27,13,-14
39035141700,28,14,-14
39035150100,22,8,-14
39035150300,23,9,-14
39035150400,23,9,-14
39035151100,23,9,-14
39035151200,23,9,-14
39035151300,24,10,-14
39035151400,23,9,-14
39035151500,24,10,-14
39035151600,25,11,-14
39035151700,24,10,-14
39035151800,23,9,-14
39035152101,20,6,-14
39035152102,21,7,-14
39035152201,20,6,-14
39035152202,21,7,-14
39035152301,20,6,-14
39035152302,21,7,-14
39035152303,22,8,-14
39035152400,21,7,-14
39035152501,21,7,-14
39035152502,21,7,-14
39035152603,22,8,-14
39035152604,23,9,-14
39035152701,22,8,-14
39035152702,23,9,-14
39035152703,23,9,-14
39035153103,23,7,-16
39035153104,22,7,-15
39035153105,22,8,-14
39035153106,23,7,-16
39035153107,23,8,-15
39035154100,25,11,-14
39035154200,25,11,-14
39035154300,26,12,-14
39035154400,24,10,-14
39035154501,25,11,-14
39035154502,25,11,-14
39035154601,26,12,-14
39035154603,26,12,-14
39035154604,26,12,-14
39035154700,27,13,-14
39035155101,24,10,-14
39035155102,25,11,-14
39035156101,24,10,-14
39035156102,25,9,-16
39035160100,20,6,-14
39035160200,21,7,-14
39035160300,20,6,-14
39035160400,20,6,-14
39035160500,20,6,-14
39035160601,20,6,-14
39035160602,21,7,-14
39035160700,21,7,-14
39035160800,22,8,-14
39035160900,22,8,-14
39035161000,21,7,-14
39035161100,21,7,-14
39035161200,21,7,-14
39035161300,21,7,-14
39035161400,21,7,-14
39035161500,21,7,-14
39035161600,22,8,-14
39035161700,22,8,-14
39035161800,22,8,-14
39035170101,25,11,-14
39035170102,25,11,-14
39035170201,25,11,-14
39035170202,26,12,-14
39035171102,28,14,-14
39035171103,28,14,-14
39035171104,29,14,-15
39035171203,27,13,-14
39035171204,27,13,-14
39035171205,27,13,-14
39035171206,26,12,-14
39035172101,25,11,-14
39035172102,25,11,-14
39035172103,25,11,-14
39035172201,26,12,-14
39035172202,26,12,-14
39035173103,24,8,-16
39035173104,23,7,-16
39035173105,24,8,-16
39035173106,24,8,-16
39035173107,23,7,-16
39035174103,21,5,-16
39035174104,22,6,-16
39035174105,22,6,-16
39035174106,23,7,-16
39035174107,23,7,-16
39035174203,21,5,-16
39035174204,21,5,-16
39035174205,22,6,-16
39035174206,23,7,-16
39035174207,22,6,-16
39035175103,24,8,-16
39035175104,24,8,-16
39035175105,24,8,-16
39035175106,25,9,-16
39035175201,23,7,-16
39035175202,23,7,-16
39035176100,21,5,-16
39035176200,20,4,-16
39035177101,24,9,-15
39035177103,25,10,-15
39035177104,26,11,-15
39035177201,26,12,-14
39035177202,26,12,-14
39035177302,26,11,-15
39035177303,25,11,-14
39035177304,25,11,-14
39035177403,26,11,-15
39035177404,27,11,-16
39035177405,27,12,-15
39035177406,27,12,-15
39035177501,26,11,-15
39035177503,26,10,-16
39035177504,26,10,-16
39035177505,25,9,-16
39035177604,25,9,-16
39035177605,25,9,-16
39035177606,26,10,-16
39035177607,25,9,-16
39035177608,27,11,-16
39035177609,26,10,-16
39035178101,25,9,-16
39035178102,25,10,-15
39035178201,26,11,-15
39035178204,26,10,-16
39035178205,26,10,-16
39035178206,25,9,-16
39035179101,27,13,-14
39035179102,27,13,-14
39035180102,24,10,-14
39035180103,24,10,-14
39035180104,24,10,-14
39035181100,20,6,-14
39035181201,21,7,-14
39035181203,21,7,-14
39035181204,22,8,-14
39035182103,25,11,-14
39035182104,25,11,-14
39035182105,26,10,-16
39035182106,25,9,-16
39035183100,26,12,-14
39035183200,27,13,-14
39035183300,27,13,-14
39035183401,27,13,-14
39035183402,28,14,-14
39035183501,28,14,-14
39035183502,28,14,-14
39035183603,29,15,-14
39035183604,29,15,-14
39035183605,29,15,-14
39035183606,29,15,-14
39035184103,27,13,-14
39035184104,27,12,-15
39035184105,27,12,-15
39035184106,28,13,-15
39035184108,28,13,-15
39035185101,24,10,-14
39035185102,25,11,-14
39035185103,25,11,-14
39035185104,24,10,-14
39035185201,27,13,-14
39035185202,26,12,-14
39035185203,25,11,-14
39035186103,21,5,-16
39035186104,22,6,-16
39035186105,21,5,-16
39035186106,22,6,-16
39035186107,23,7,-16
39035186201,23,7,-16
39035186202,22,6,-16
39035186203,23,7,-16
39035186205,22,6,-16
39035186206,21,5,-16
39035187103,27,13,-14
39035187104,27,13,-14
39035187105,26,12,-14
39035187106,26,12,-14
39035188103,29,15,-14
39035188104,29,14,-15
39035188105,29,14,-15
39035188106,29,14,-15
39035188107,28,13,-15
39035189105,21,7,-14
39035189107,22,6,-16
39035189108,21,5,-16
39035189109,22,6,-16
39035189110,21,7,-14
39035189111,21,6,-15
39035189112,23,7,-16
39035190502,21,5,-16
39035190503,21,5,-16
39035190504,20,4,-16
39035192300,24,10,-14
39035192800,20,6,-14
39035192900,24,10,-14
39035193800,29,14,-15
39035193900,28,14,-14
39035194100,25,11,-14
39035194300,24,10,-14
39035194500,25,11,-14
39035194800,28,14,-14
39035194900,27,13,-14
39035195600,27,12,-15
39035195700,26,11,-15
39035195800,27,13,-14
39035195900,26,12,-14
39035196000,25,11,-14
39035196100,23,9,-14
39035196200,23,9,-14
39035196300,26,12,-14
39035196400,24,9,-15
39035196500,24,10,-14
39035980100,22,8,-14
39035980500,23,7,-16
39035981100,23,7,-16
39035990000,19,5,-14
39037500100,8,14,6
39037510100,9,15,6
39037520100,9,15,6
39037530100,8,14,6
39037540100,9,15,6
39037550100,10,16,6
39037555000,11,17,6
39037555101,10,17,7
39037555102,10,17,7
39037560100,10,16,6
39037570101,9,16,7
39037570102,9,16,7
39039958100,14,11,-3
39039958200,14,12,-2
39039958300,13,13,0
39039958400,13,12,-1
39039958500,14,12,-2
39039958600,14,12,-2
39039958700,14,12,-2
39039958800,14,12,-2
39039958900,13,11,-2
39041010100,10,11,1
39041010200,10,10,0
39041010420,10,10,0
39041010421,9,10,1
39041010422,10,10,0
39041010520,9,10,1
39041010530,10,11,1
39041011101,10,9,-1
39041011102,10,9,-1
39041011200,9,9,0
39041011411,8,12,4
39041011412,8,11,3
39041011413,8,10,2
39041011421,10,12,2
39041011423,10,11,1
39041011430,9,12,3
39041011520,11,11,0
39041011530,11,11,0
39041011540,12,11,-1
39041011550,10,10,0
39041011560,11,10,-1
39041011561,11,12,1
39041011604,11,10,-1
39041011710,13,11,-2
39041011730,13,11,-2
39041011740,13,11,-2
39041011750,12,10,-2
39041011760,12,9,-3
39041011762,13,11,-2
39041011900,9,11,2
39041012000,8,9,1
39041012100,9,11,2
39041012200,9,10,1
39041012300,11,9,-2
39041012400,12,12,0
39043040100,18,4,-14
39043040200,17,3,-14
39043040300,16,3,-13
39043040400,16,4,-12
39043040500,17,5,-12
39043040600,17,5,-12
39043040700,18,6,-12
39043040800,17,6,-11
39043040900,16,6,-10
39043041000,16,6,-10
39043041100,17,7,-10
39043041200,18,7,-11
39043041300,17,6,-11
39043041400,17,6,-11
39043041500,17,5,-12
39043041600,16,5,-11
39043041700,15,5,-10
39043041800,15,4,-11
39043990100,17,4,-13
39045030100,11,11,0
39045030200,10,11,1
39045030300,10,12,2
39045030400,9,12,3
39045030600,10,14,4
39045030700,8,14,6
39045030800,8,13,5
39045030900,9,13,4
39045031000,10,12,2
39045031100,10,11,1
39045031200,10,12,2
39045031300,11,13,2
39045031400,10,13,3
39045031500,10,14,4
39045031600,10,14,4
39045031700,11,14,3
39045032000,11,14,3
39045032100,11,14,3
39045032200,11,13,2
39045032300,10,13,3
39045032500,9,13,4
39045032600,8,14,6
39045032701,10,13,3
39045032702,10,12,2
39045032800,11,13,2
39045032900,10,12,2
39045033000,9,13,4
39045033100,10,13,3
39047925800,5,16,11
39047925900,5,16,11
39047926000,6,17,11
39047926100,6,17,11
39047926200,6,17,11
39047926300,7,17,10
39047926400,6,16,10
39049000110,14,16,2
39049000120,14,17,3
39049000210,15,18,3
39049000220,14,17,3
39049000310,15,18,3
39049000320,16,17,1
39049000330,15,18,3
39049000410,14,17,3
39049000420,15,18,3
39049000500,14,18,4
39049000600,13,17,4
39049000710,14,17,3
39049000720,14,16,2
39049000730,14,16,2
39049000810,15,17,2
39049000820,16,16,0
39049000910,15,17,2
39049000920,15,16,1
39049001000,14,17,3
39049001110,13,18,5
39049001121,13,17,4
39049001122,12,17,5
39049001200,14,17,3
39049001300,14,16,2
39049001400,13,15,2
39049001500,13,15,2
39049001600,13,16,3
39049001700,13,17,4
39049001810,13,18,5
39049001820,13,17,4
39049001901,12,18,6
39049001902,13,18,5
39049002000,12,18,6
39049002100,12,17,5
39049002200,12,16,4
39049002300,12,15,3
39049002510,13,14,1
39049002520,13,14,1
39049002600,14,13,-1
39049002710,14,13,-1
39049002730,14,13,-1
39049002740,14,14,0
39049002750,14,14,0
39049002760,13,15,2
39049002770,13,14,1
39049002780,12,15,3
39049002800,13,15,2
39049002900,12,16,4
39049003000,11,16,5
39049003200,11,17,6
39049003600,12,16,4
39049003700,13,15,2
39049003800,12,16,4
39049004000,11,17,6
39049004200,10,17,7
39049004300,11,16,5
39049004500,10,17,7
39049004610,9,17,8
39049004620,10,18,8
39049004700,11,18,7
39049004810,10,18,8
39049004820,10,19,9
39049004900,10,18,8
39049005000,10,17,7
39049005100,9,18,9
39049005200,11,17,6
39049005300,12,16,4
39049005410,12,16,4
39049005420,12,17,5
39049005500,12,17,5
39049005610,11,17,6
39049005620,10,18,8
39049005700,10,18,8
39049005810,9,18,9
39049005820,10,18,8
39049005900,11,17,6
39049006000,10,17,7
39049006100,10,17,7
39049006220,9,13,4
39049006230,8,12,4
39049006236,9,13,4
39049006310,11,15,4
39049006321,12,16,4
39049006323,12,16,4
39049006330,11,15,4
39049006340,11,15,4
39049006351,12,16,4
39049006352,13,17,4
39049006353,12,16,4
39049006371,10,14,4
39049006372,11,15,4
39049006383,10,13,3
39049006384,11,14,3
39049006386,10,14,4
39049006387,11,14,3
39049006391,11,13,2
39049006392,12,14,2
39049006393,11,13,2
39049006394,11,13,2
39049006395,12,16,4
39049006396,11,15,4
39049006410,11,16,5
39049006430,12,16,4
39049006500,11,16,5
39049006600,12,17,5
39049006710,14,15,1
39049006721,13,14,1
39049006722,14,14,0
39049006810,13,16,3
39049006821,13,16,3
39049006822,14,16,2
39049006910,13,15,2
39049006921,14,15,1
39049006923,15,15,0
39049006924,15,16,1
39049006931,15,15,0
39049006932,16,15,-1
39049006933,16,15,-1
39049006942,14,14,0
39049006943,14,14,0
39049006944,14,14,0
39049006945,15,14,-1
39049006950,12,15,3
39049006990,13,13,0
39049007010,13,12,-1
39049007020,14,12,-2
39049007041,12,13,1
39049007043,13,14,1
39049007044,12,13,1
39049007047,14,14,0
39049007048,13,13,0
39049007112,16,14,-2
39049007113,16,14,-2
39049007114,14,13,-1
39049007115,15,14,-1
39049007120,15,13,-2
39049007132,14,12,-2
39049007193,14,12,-2
39049007194,14,12,-2
39049007198,14,12,-2
39049007199,15,13,-2
39049007201,13,10,-3
39049007202,14,12,-2
39049007203,13,10,-3
39049007205,14,11,-3
39049007207,14,11,-3
39049007209,14,11,-3
39049007210,13,10,-3
39049007393,13,11,-2
39049007394,12,11,-1
39049007395,12,11,-1
39049007396,12,11,-1
39049007424,15,13,-2
39049007425,14,13,-1
39049007426,13,12,-1
39049007427,13,12,-1
39049007492,14,12,-2
39049007494,15,13,-2
39049007511,14,15,1
39049007512,14,15,1
39049007520,15,15,0
39049007531,16,15,-1
39049007532,17,15,-2
39049007533,16,15,-1
39049007534,15,15,0
39049007550,14,14,0
39049007551,15,14,-1
39049007710,16,16,0
39049007721,16,16,0
39049007722,16,16,0
39049007730,15,16,1
39049007740,15,17,2
39049007811,13,17,4
39049007812,13,16,3
39049007820,13,17,4
39049007830,13,18,5
39049007921,8,13,5
39049007922,9,13,4
39049007931,9,14,5
39049007933,10,15,5
39049007941,10,15,5
39049007951,10,14,4
39049007952,10,14,4
39049007953,8,14,6
39049007954,9,15,6
39049008000,7,13,6
39049008110,8,15,7
39049008120,8,16,8
39049008132,7,15,8
39049008141,7,14,7
39049008142,8,15,7
39049008161,6,15,9
39049008162,6,14,8
39049008163,8,16,8
39049008164,7,15,8
39049008210,9,16,7
39049008230,8,17,9
39049008241,10,16,6
39049008242,9,16,7
39049008311,8,17,9
39049008312,8,17,9
39049008321,9,18,9
39049008322,9,18,9
39049008330,9,19,10
39049008340,8,18,10
39049008350,7,16,9
39049008360,8,17,9
39049008370,7,17,10
39049008380,8,17,9
39049008400,12,17,5
39049008500,12,17,5
39049008710,12,17,5
39049008720,11,16,5
39049008730,11,16,5
39049008811,10,16,6
39049008812,10,15,5
39049008813,10,16,6
39049008821,9,17,8
39049008822,9,16,7
39049008825,9,16,7
39049008900,13,15,2
39049009000,14,14,0
39049009100,14,14,0
39049009210,13,12,-1
39049009220,14,13,-1
39049009230,14,13,-1
39049009240,14,13,-1
39049009250,13,14,1
39049009311,13,13,0
39049009312,12,13,1
39049009321,13,14,1
39049009322,12,14,2
39049009323,12,15,3
39049009325,11,15,4
39049009326,11,15,4
39049009331,13,14,1
39049009332,12,15,3
39049009333,13,15,2
39049009334,12,15,3
39049009336,11,15,4
39049009337,11,15,4
39049009340,13,14,1
39049009350,13,13,0
39049009361,12,12,0
39049009362,12,12,0
39049009371,11,13,2
39049009372,11,14,3
39049009373,10,14,4
39049009374,10,13,3
39049009381,12,12,0
39049009382,12,13,1
39049009383,12,13,1
39049009384,12,13,1
39049009385,11,12,1
39049009386,11,13,2
39049009390,12,12,0
39049009410,10,14,4
39049009420,10,14,4
39049009430,10,14,4
39049009440,9,15,6
39049009450,9,14,5
39049009495,9,14,5
39049009497,8,14,6
39049009520,9,15,6
39049009590,8,15,7
39049009600,7,17,10
39049009711,8,18,10
39049009712,7,17,10
39049009720,8,17,9
39049009740,7,16,9
39049009751,6,16,10
39049009752,6,16,10
39049009800,5,15,10
39049009900,14,14,0
39049010000,13,11,-2
39049010100,16,14,-2
39049010200,9,13,4
39049010300,8,15,7
39049010400,8,12,4
39049010500,8,12,4
39049010601,8,14,6
39049010602,9,14,5
39049010700,14,16,2
39049980000,14,13,-1
39051040100,16,13,-3
39051040200,17,13,-4
39051040300,16,12,-4
39051040400,16,13,-3
39051040500,15,12,-3
39051040600,15,12,-3
39051040700,16,13,-3
39051040800,15,12,-3
39051040900,15,12,-3
39053953500,12,16,4
39053953600,11,16,5
39053953700,12,17,5
39053953800,13,18,5
39053953900,12,17,5
39053954000,13,18,5
39053954100,13,17,4
39055310100,23,9,-14
39055310200,24,10,-14
39055310600,24,10,-14
39055310700,24,10,-14
39055310800,25,11,-14
39055310900,25,11,-14
39055311000,25,11,-14
39055311300,26,12,-14
39055311400,26,12,-14
39055311500,25,11,-14
39055311600,26,12,-14
39055311700,27,13,-14
39055311800,27,13,-14
39055311900,27,13,-14
39055312000,27,13,-14
39055312100,26,12,-14
39055312201,25,11,-14
39055312202,24,10,-14
39055312203,24,10,-14
39055312300,26,12,-14
39055312400,26,12,-14
39057200101,7,17,10
39057200103,6,17,11
39057200104,6,16,10
39057200300,5,16,11
39057200400,6,17,11
39057200500,6,17,11
39057200600,6,17,11
39057200700,7,17,10
39057200900,5,16,11
39057210100,6,17,11
39057210200,7,18,11
39057210300,8,19,11
39057210401,8,19,11
39057210402,8,19,11
39057210500,7,18,11
39057210601,7,18,11
39057210602,7,18,11
39057210603,6,17,11
39057220100,8,19,11
39057220200,9,20,11
39057230100,7,18,11
39057240100,6,18,12
39057240200,7,19,12
39057240301,7,19,12
39057240302,6,18,12
39057240500,6,18,12
39057240600,5,17,12
39057240700,6,18,12
39057260100,4,16,12
39057270100,5,17,12
39057280101,5,17,12
39057280102,6,17,11
39057280200,4,16,12
39057280300,5,16,11
39059977100,16,10,-6
39059977200,15,9,-6
39059977300,15,10,-5
39059977400,16,10,-6
39059977500,16,11,-5
39059977600,16,11,-5
39059977700,16,10,-6
39059977800,15,11,-4
39059977900,15,11,-4
39059978000,14,10,-4
39061000200,18,28,10
39061000700,18,28,10
39061000900,19,29,10
39061001000,19,29,10
39061001100,18,28,10
39061001600,20,30,10
39061001700,20,30,10
39061001800,19,29,10
39061001900,17,27,10
39061002000,17,27,10
39061002200,19,29,10
39061002300,20,30,10
39061002500,21,31,10
39061002600,21,30,9
39061002700,20,29,9
39061002800,19,28,9
39061002900,20,29,9
39061003000,21,30,9
39061003200,20,30,10
39061003300,20,30,10
39061003600,19,29,10
39061003700,18,28,10
39061003800,19,29,10
39061003900,19,29,10
39061004000,18,28,10
39061004100,18,28,10
39061004200,17,27,10
39061004500,15,25,10
39061004602,16,26,10
39061004603,16,26,10
39061004604,15,25,10
39061004605,15,25,10
39061004701,16,26,10
39061004702,15,25,10
39061004800,16,26,10
39061004900,17,27,10
39061005000,17,28,11
39061005100,16,27,11
39061005200,16,27,11
39061005301,16,27,11
39061005302,15,26,11
39061005400,15,26,11
39061005500,14,25,11
39061005600,14,25,11
39061005701,16,27,11
39061005702,16,27,11
39061005800,15,26,11
39061005900,17,28,11
39061006000,17,27,10
39061006100,18,28,10
39061006300,18,29,11
39061006400,19,29,10
39061006500,19,30,11
39061006600,20,30,10
39061006800,20,30,10
39061006900,20,30,10
39061007000,21,29,8
39061007100,20,29,9
39061007200,20,29,9
39061007300,20,28,8
39061007400,21,28,7
39061007500,20,27,7
39061007700,20,27,7
39061007800,20,28,8
39061007900,21,27,6
39061008000,19,28,9
39061008100,19,27,8
39061008201,20,27,7
39061008202,20,26,6
39061008300,19,25,6
39061008400,20,26,6
39061008501,20,26,6
39061008502,21,27,6
39061008601,19,28,9
39061008800,20,27,7
39061009200,19,28,9
39061009300,19,29,10
39061009400,20,29,9
39061009500,20,29,9
39061009600,19,28,9
39061009700,20,28,8
39061009800,20,28,8
39061009901,21,27,6
39061009902,21,28,7
39061010002,20,26,6
39061010003,20,27,7
39061010004,21,27,6
39061010005,21,28,7
39061010100,19,25,6
39061010201,20,26,6
39061010202,20,26,6
39061010300,19,27,8
39061010400,20,26,6
39061010500,20,26,6
39061010600,19,25,6
39061010700,22,28,6
39061010800,15,26,11
39061010900,21,27,6
39061011000,17,28,11
39061011100,19,27,8
39061020401,18,24,6
39061020403,17,23,6
39061020404,18,24,6
39061020501,16,22,6
39061020502,16,22,6
39061020504,17,23,6
39061020505,18,24,6
39061020601,17,23,6
39061020602,17,23,6
39061020701,17,23,6
39061020705,18,24,6
39061020707,18,24,6
39061020741,18,24,6
39061020742,19,25,6
39061020761,18,24,6
39061020762,19,25,6
39061020802,18,24,6
39061020811,19,25,6
39061020812,18,24,6
39061020901,19,25,6
39061020902,19,25,6
39061021001,18,24,6
39061021002,19,25,6
39061021003,19,25,6
39061021101,18,24,6
39061021102,19,25,6
39061021201,20,26,6
39061021202,21,27,6
39061021302,19,25,6
39061021303,20,26,6
39061021304,20,26,6
39061021401,21,27,6
39061021421,20,27,7
39061021422,20,28,8
39061021501,16,25,9
39061021504,17,25,8
39061021505,18,26,8
39061021506,17,25,8
39061021508,18,24,6
39061021509,18,24,6
39061021571,18,25,7
39061021572,18,25,7
39061021602,18,25,7
39061021603,19,25,6
39061021604,19,25,6
39061021701,19,26,7
39061021702,19,26,7
39061021801,19,26,7
39061021802,20,26,6
39061021900,20,26,6
39061022000,18,25,7
39061022101,17,25,8
39061022102,18,26,8
39061022200,18,27,9
39061022301,15,25,10
39061022302,13,24,11
39061022400,15,26,11
39061022500,16,26,10
39061022601,17,26,9
39061022602,17,27,10
39061022700,16,27,11
39061023001,14,25,11
39061023002,15,26,11
39061023100,15,26,11
39061023201,16,27,11
39061023210,16,27,11
39061023222,17,28,11
39061023300,16,27,11
39061023400,17,28,11
39061023501,15,26,11
39061023521,14,25,11
39061023522,15,26,11
39061023600,16,27,11
39061023701,16,27,11
39061023702,16,27,11
39061023800,15,26,11
39061023901,13,24,11
39061023902,14,25,11
39061024001,15,26,11
39061024002,14,25,11
39061024100,14,25,11
39061024200,14,25,11
39061024301,12,23,11
39061024303,11,22,11
39061024321,12,23,11
39061024322,12,23,11
39061024400,13,24,11
39061024700,15,26,11
39061024800,14,25,11
39061024901,14,24,10
39061024902,15,25,10
39061025001,16,26,10
39061025002,15,25,10
39061025101,15,25,10
39061025102,15,25,10
39061025103,15,25,10
39061025104,14,24,10
39061025200,17,28,11
39061025300,16,27,11
39061025401,17,28,11
39061025402,17,28,11
39061025500,18,29,11
39061025600,18,29,11
39061025700,19,29,10
39061025800,20,29,9
39061026001,15,21,6
39061026002,15,21,6
39061026101,16,22,6
39061026102,16,22,6
39061026200,16,22,6
39061026300,18,28,10
39061026400,18,28,10
39061026500,17,27,10
39061026600,16,26,10
39061026700,18,28,10
39061026800,17,27,10
39061026900,19,29,10
39061027000,19,29,10
39061027100,18,29,11
39061027200,19,28,9
39061027300,14,24,10
39061027400,16,27,11
39063000100,12,7,-5
39063000200,11,7,-4
39063000300,11,8,-3
39063000400,12,9,-3
39063000500,12,8,-4
39063000600,12,8,-4
39063000700,12,8,-4
39063000800,12,9,-3
39063000900,12,9,-3
39063001000,11,9,-2
39063001100,11,8,-3
39063001200,10,8,-2
39063001300,10,9,-1
39065000100,9,8,-1
39065000200,10,9,-1
39065000300,9,9,0
39065000400,9,10,1
39065000500,8,10,2
39065000600,9,9,0
39065000700,8,9,1
39067975600,19,13,-6
39067975700,18,12,-6
39067975800,17,11,-6
39067975900,18,12,-6
39067976000,19,13,-6
39069000100,15,11,-4
39069000200,14,11,-3
39069000300,14,11,-3
39069000400,14,11,-3
39069000500,14,10,-4
39069000600,13,9,-4
39069000700,13,10,-3
39071954400,7,17,10
39071954500,8,17,9
39071954600,7,17,10
39071954700,8,18,10
39071954800,8,18,10
39071954900,8,18,10
39071955000,8,18,10
39071955100,9,18,9
39071955200,9,19,10
39073964900,9,12,3
39073965000,8,13,5
39073965100,9,13,4
39073965200,10,13,3
39073965300,10,13,3
39073965400,10,14,4
39073965500,10,13,3
39075976301,16,7,-9
39075976302,16,8,-8
39075976400,15,6,-9
39075976500,14,5,-9
39075976600,14,6,-8
39075976700,15,6,-9
39075976801,15,8,-7
39075976802,15,7,-8
39077915400,15,2,-13
39077915500,16,3,-13
39077915600,15,3,-12
39077915700,15,4,-11
39077915800,15,4,-11
39077915900,14,4,-10
39077916000,14,5,-9
39077916100,13,4,-9
39077916200,13,5,-8
39077916300,13,5,-8
39077916400,14,4,-10
39077916500,14,3,-11
39077916600,15,3,-12
39079957200,11,16,5
39079957300,10,15,5
39079957400,10,15,5
39079957500,11,16,5
39079957600,11,16,5
39079957700,11,16,5
39079957800,11,16,5
39081000200,22,16,-6
39081000400,23,17,-6
39081000600,23,17,-6
39081000800,23,17,-6
39081001000,22,16,-6
39081001200,22,16,-6
39081001300,22,16,-6
39081001400,22,16,-6
39081001700,23,17,-6
39081011000,20,14,-6
39081011100,20,14,-6
39081011401,21,15,-6
39081011402,21,15,-6
39081011500,20,14,-6
39081011700,21,15,-6
39081011800,22,16,-6
39081011900,21,15,-6
39081012000,20,14,-6
39081012100,19,13,-6
39081012200,20,14,-6
39081012300,20,14,-6
39083006700,13,6,-7
39083006801,14,7,-7
39083006802,13,6,-7
39083006900,12,7,-5
39083007000,12,7,-5
39083007100,13,7,-6
39083007200,14,7,-7
39083007300,13,7,-6
39083007400,12,7,-5
39083007500,13,8,-5
39083007600,12,8,-4
39083007700,11,8,-3
39085200100,21,7,-14
39085200200,22,8,-14
39085200300,22,8,-14
39085200400,23,9,-14
39085200500,22,8,-14
39085200600,22,8,-14
39085200700,23,9,-14
39085200800,23,9,-14
39085200900,22,8,-14
39085201000,23,9,-14
39085201100,24,10,-14
39085201200,23,9,-14
39085201300,24,10,-14
39085201400,23,9,-14
39085201500,22,8,-14
39085201600,22,8,-14
39085201700,21,7,-14
39085201800,21,7,-14
39085201900,21,7,-14
39085202000,21,7,-14
39085202100,22,8,-14
39085202400,21,7,-14
39085202500,21,7,-14
39085202600,21,7,-14
39085202700,22,8,-14
39085202800,22,8,-14
39085202900,22,8,-14
39085203000,23,9,-14
39085203200,23,9,-14
39085203400,23,9,-14
39085203500,23,9,-14
39085203700,23,9,-14
39085204000,21,7,-14
39085204200,22,8,-14
39085204301,22,8,-14
39085204302,22,8,-14
39085204400,23,9,-14
39085204500,23,9,-14
39085204700,23,9,-14
39085204800,21,7,-14
39085204900,22,8,-14
39085205001,24,10,-14
39085205002,23,9,-14
39085205100,24,10,-14
39085205200,23,9,-14
39085205300,22,8,-14
39085205400,22,8,-14
39085205701,21,7,-14
39085205702,21,7,-14
39085205800,22,8,-14
39085205900,22,8,-14
39085206000,21,7,-14
39085206100,22,8,-14
39085206200,21,7,-14
39085206300,21,7,-14
39085206400,23,9,-14
39085206500,22,8,-14
39085206600,21,7,-14
39085990000,20,6,-14
39087050100,15,20,5
39087050200,15,20,5
39087050300,15,20,5
39087050400,14,19,5
39087050500,13,18,5
39087050600,12,17,5
39087050700,13,18,5
39087050800,14,19,5
39087050900,15,20,5
39087051001,15,20,5
39087051002,14,19,5
39087051100,14,19,5
39087051200,14,19,5
39087051300,14,19,5
39087051401,15,20,5
39087051402,14,19,5
39089750700,13,11,-2
39089751000,14,12,-2
39089751300,14,11,-3
39089751600,14,11,-3
39089751900,14,10,-4
39089752200,14,9,-5
39089752500,13,10,-3
39089752800,12,10,-2
39089753100,12,11,-1
39089753300,12,10,-2
39089753600,13,11,-2
39089753900,13,10,-3
39089754101,13,10,-3
39089754102,13,9,-4
39089754400,13,8,-5
39089754700,13,8,-5
39089755000,12,8,-4
39089755300,13,9,-4
39089755600,12,9,-3
39089755900,11,10,-1
39089756201,11,11,0
39089756202,12,11,-1
39089756500,11,10,-1
39089756800,11,10,-1
39089757100,11,11,0
39089757400,10,11,1
39089757700,12,9,-3
39089758300,12,11,-1
39089758600,12,10,-2
39089758900,13,9,-4
39089759000,13,11,-2
39089759100,11,10,-1
39091003800,7,10,3
39091003900,7,10,3
39091004000,7,11,4
39091004100,7,11,4
39091004200,7,12,5
39091004300,6,11,5
39091004400,7,11,4
39091004500,8,11,3
39091004600,7,11,4
39091004700,6,11,5
39091004800,6,11,5
39093010200,19,5,-14
39093010300,19,5,-14
39093010400,19,5,-14
39093013100,20,6,-14
39093013200,20,5,-15
39093021100,19,5,-14
39093021200,19,5,-14
39093022100,19,5,-14
39093022200,19,5,-14
39093022400,19,5,-14
39093022500,19,5,-14
39093022601,19,4,-15
39093022800,20,5,-15
39093023000,20,5,-15
39093023100,21,5,-16
39093023200,20,4,-16
39093023300,21,5,-16
39093023400,19,4,-15
39093023500,20,4,-16
39093023600,22,6,-16
39093023700,21,5,-16
39093023800,20,4,-16
39093023900,20,4,-16
39093024000,20,4,-16
39093024100,19,3,-16
39093024200,19,4,-15
39093028100,20,4,-16
39093030100,17,3,-14
39093050100,18,2,-16
39093050200,18,3,-15
39093050300,17,2,-15
39093050400,18,3,-15
39093057100,17,1,-16
39093060100,17,0,-17
39093060200,17,1,-16
39093070101,19,3,-16
39093070102,20,4,-16
39093070200,19,3,-16
39093070300,18,2,-16
39093070400,18,2,-16
39093070500,19,3,-16
39093070600,20,4,-16
39093070700,20,4,-16
39093070800,20,3,-17
39093070901,19,2,-17
39093070902,18,2,-16
39093071000,20,3,-17
39093071100,19,3,-16
39093071201,20,4,-16
39093071202,19,3,-16
39093071300,18,2,-16
39093071400,19,2,-17
39093071500,18,1,-17
39093077100,17,1,-16
39093080101,21,5,-16
39093080103,21,5,-16
39093080104,21,5,-16
39093080500,20,4,-16
39093080600,20,4,-16
39093080700,19,3,-16
39093090100,20,4,-16
39093090200,19,3,-16
39093091100,18,2,-16
39093091200,18,2,-16
39093092100,16,2,-14
39093093100,16,1,-15
39093094100,17,2,-15
39093095100,18,2,-16
39093096100,17,2,-15
39093097100,16,2,-14
39093097200,18,3,-15
39093097300,20,5,-15
39093097400,19,5,-14
39093990200,18,4,-14
39095000200,22,11,-11
39095000300,21,10,-11
39095000400,21,10,-11
39095000600,22,11,-11
39095000700,23,12,-11
39095000800,21,10,-11
39095000900,20,9,-11
39095001000,20,10,-10
39095001100,19,9,-10
39095001201,18,9,-9
39095001202,19,10,-9
39095001301,22,13,-9
39095001302,22,12,-10
39095001303,22,11,-11
39095001400,22,12,-10
39095001500,22,11,-11
39095001600,21,10,-11
39095001700,21,10,-11
39095001800,21,11,-10
39095001900,20,10,-10
39095002000,19,10,-9
39095002100,21,11,-10
39095002200,21,11,-10
39095002300,20,11,-9
39095002401,21,12,-9
39095002402,21,13,-8
39095002500,21,13,-8
39095002600,21,12,-9
39095002700,20,12,-8
39095002800,19,11,-8
39095002900,20,11,-9
39095003000,20,11,-9
39095003100,20,13,-7
39095003200,21,13,-8
39095003300,20,12,-8
39095003400,20,12,-8
39095003500,20,13,-7
39095003600,20,12,-8
39095003700,19,11,-8
39095003900,19,12,-7
39095004000,19,11,-8
39095004200,19,11,-8
39095004400,19,11,-8
39095004501,18,10,-8
39095004503,18,11,-7
39095004504,17,10,-7
39095004600,18,9,-9
39095004701,19,10,-9
39095004702,19,10,-9
39095004800,19,11,-8
39095004900,18,10,-8
39095005000,18,10,-8
39095005100,18,10,-8
39095005200,17,9,-8
39095005300,17,9,-8
39095005400,18,10,-8
39095005501,18,7,-11
39095005502,18,8,-10
39095005503,19,9,-10
39095005600,19,8,-11
39095005701,21,10,-11
39095005702,20,9,-11
39095005703,21,10,-11
39095005801,21,10,-11
39095005802,21,10,-11
39095005901,22,11,-11
39095005902,22,11,-11
39095006000,22,12,-10
39095006100,22,11,-11
39095006200,21,10,-11
39095006300,22,11,-11
39095006400,22,12,-10
39095006500,22,12,-10
39095006600,20,13,-7
39095006700,20,13,-7
39095006800,19,12,-7
39095006900,19,12,-7
39095007001,17,12,-5
39095007002,17,11,-6
39095007101,17,13,-4
39095007102,16,12,-4
39095007202,18,12,-6
39095007203,19,12,-7
39095007204,18,14,-4
39095007205,18,13,-5
39095007301,18,14,-4
39095007302,19,14,-5
39095007303,19,13,-6
39095007400,20,14,-6
39095007500,20,14,-6
39095007600,21,14,-7
39095007700,21,13,-8
39095007800,21,13,-8
39095007901,22,12,-10
39095007902,22,12,-10
39095008000,21,13,-8
39095008100,20,14,-6
39095008201,19,15,-4
39095008202,19,15,-4
39095008203,19,15,-4
39095008301,20,14,-6
39095008302,21,14,-7
39095008400,20,15,-5
39095008500,19,15,-4
39095008600,19,15,-4
39095008700,18,14,-4
39095008800,17,13,-4
39095008901,16,12,-4
39095008902,15,11,-4
39095009000,16,12,-4
39095009101,18,14,-4
39095009102,17,13,-4
39095009201,18,14,-4
39095009202,19,15,-4
39095009300,17,14,-3
39095009400,17,13,-4
39095009500,16,12,-4
39095009600,15,11,-4
39095009700,17,6,-11
39095009800,17,7,-10
39095009900,17,8,-9
39095010001,18,9,-9
39095010002,18,9,-9
39095010100,17,9,-8
39095010200,18,11,-7
39095010300,18,10,-8
39095010400,21,13,-8
39095990000,18,6,-12
39097040101,6,12,6
39097040102,7,12,5
39097040201,4,13,9
39097040202,5,13,8
39097040400,6,13,7
39097040500,5,14,9
39097040600,5,14,9
39097040700,5,15,10
39097041000,5,14,9
39097041100,4,14,10
39097041200,5,15,10
39097041300,4,15,11
39099800300,29,17,-12
39099800400,29,17,-12
39099800500,30,16,-14
39099800600,30,17,-13
39099801000,29,18,-11
39099801100,28,19,-9
39099801200,28,19,-9
39099801300,29,18,-11
39099801400,28,19,-9
39099801500,27,19,-8
39099801600,28,19,-9
39099801700,29,18,-11
39099802100,28,18,-10
39099802300,28,18,-10
39099802400,27,19,-8
39099802500,27,18,-9
39099802600,27,18,-9
39099802701,26,19,-7
39099802702,26,19,-7
39099802800,27,19,-8
39099802900,28,18,-10
39099803000,28,18,-10
39099804000,30,17,-13
39099804100,30,17,-13
39099804200,30,16,-14
39099804300,30,16,-14
39099810100,28,17,-11
39099810200,28,18,-10
39099810300,28,17,-11
39099810600,28,18,-10
39099810700,27,18,-9
39099810800,27,17,-10
39099810900,27,16,-11
39099811001,26,17,-9
39099811002,25,18,-7
39099811100,27,17,-10
39099811200,26,18,-8
39099811300,27,18,-9
39099811400,26,19,-7
39099811500,25,18,-7
39099811600,26,19,-7
39099811700,26,19,-7
39099811800,26,19,-7
39099811901,26,18,-8
39099811902,25,18,-7
39099812001,25,18,-7
39099812002,25,18,-7
39099812100,24,17,-7
39099812301,26,19,-7
39099812302,25,18,-7
39099812400,27,18,-9
39099812500,26,17,-9
39099812601,26,18,-8
39099812602,25,18,-7
39099812603,25,17,-8
39099812700,25,16,-9
39099812800,25,15,-10
39099812900,24,16,-8
39099813000,23,15,-8
39099813200,23,15,-8
39099813300,23,16,-7
39099813400,23,16,-7
39099813500,24,17,-7
39099813600,24,17,-7
39099813700,29,17,-12
39099813800,28,17,-11
39099813900,28,17,-11
39099814000,29,16,-13
39099814100,28,17,-11
39101000100,11,9,-2
39101000200,11,8,-3
39101000300,10,8,-2
39101000400,10,9,-1
39101000501,11,10,-1
39101000502,12,10,-2
39101000600,11,9,-2
39101000700,12,9,-3
39101000800,12,9,-3
39101000900,11,8,-3
39101001000,11,8,-3
39101001100,11,8,-3
39101010100,10,7,-3
39101010201,10,7,-3
39101010202,11,8,-3
39101010300,9,8,-1
39101010400,10,8,-2
39101010500,9,8,-1
39103400100,22,6,-16
39103402000,19,3,-16
39103403001,18,3,-15
39103403002,19,4,-15
39103404000,20,5,-15
39103405000,21,6,-15
39103406000,21,6,-15
39103407000,20,6,-14
39103408001,21,6,-15
39103408002,21,6,-15
39103408003,21,6,-15
39103408100,20,5,-15
39103408201,20,5,-15
39103408202,20,6,-14
39103408301,21,6,-15
39103408302,21,6,-15
39103409001,18,4,-14
39103409002,19,5,-14
39103410000,17,3,-14
39103411001,18,4,-14
39103412000,18,5,-13
39103413000,19,6,-13
39103415100,22,6,-16
39103415200,22,6,-16
39103415300,22,6,-16
39103415400,21,5,-16
39103415800,20,4,-16
39103416000,21,5,-16
39103416100,21,5,-16
39103416200,20,4,-16
39103416300,21,5,-16
39103416400,21,5,-16
39103417000,20,7,-13
39103417100,21,7,-14
39103417200,21,8,-13
39103417300,20,7,-13
39105964100,12,14,2
39105964200,11,14,3
39105964300,11,15,4
39105964400,12,15,3
39105964500,12,15,3
39105964600,13,15,2
39107967200,9,14,5
39107967300,9,14,5
39107967400,10,15,5
39107967500,9,14,5
39107967600,10,15,5
39107967700,10,15,5
39107967800,9,14,5
39107967900,9,14,5
39107968000,9,15,6
39109300100,6,13,7
39109315001,8,14,6
39109315002,8,14,6
39109315100,7,13,6
39109315300,7,14,7
39109320100,8,14,6
39109325000,9,15,6
39109330100,8,15,7
39109340100,8,16,8
39109350100,7,16,9
39109355001,7,16,9
39109355002,6,15,9
39109365000,7,15,8
39109365101,6,14,8
39109365102,6,14,8
39109365200,7,15,8
39109365301,7,15,8
39109365302,8,16,8
39109380100,5,14,9
39109390100,5,13,8
39111966600,16,12,-4
39111966700,16,12,-4
39111966800,16,13,-3
39111966900,15,12,-3
39113000100,11,20,9
39113000200,12,20,8
39113000300,11,20,9
39113000400,11,20,9
39113000500,11,20,9
39113000600,11,20,9
39113000700,11,20,9
39113000801,11,20,9
39113000802,11,20,9
39113000900,11,20,9
39113001000,10,19,9
39113001100,10,19,9
39113001200,10,19,9
39113001501,9,18,9
39113001600,9,18,9
39113001700,9,18,9
39113001800,8,17,9
39113001900,8,17,9
39113002000,8,17,9
39113002200,9,18,9
39113002300,9,18,9
39113002400,9,18,9
39113002500,8,18,10
39113002600,9,18,9
39113002700,9,19,10
39113002800,10,20,10
39113002900,10,19,9
39113003000,10,19,9
39113003100,11,20,9
39113003201,11,20,9
39113003300,10,19,9
39113003402,11,20,9
39113003403,11,20,9
39113003404,10,19,9
39113003500,11,20,9
39113003800,11,20,9
39113003900,11,20,9
39113004100,11,20,9
39113004200,12,21,9
39113004300,12,20,8
39113004400,12,21,9
39113004600,11,20,9
39113010100,11,20,9
39113010200,12,21,9
39113020100,11,20,9
39113020200,12,21,9
39113020300,12,21,9
39113020400,12,21,9
39113020500,12,22,10
39113020601,11,22,11
39113020602,12,22,10
39113020700,12,22,10
39113020800,12,22,10
39113020900,12,21,9
39113021000,11,21,10
39113021100,10,20,10
39113021200,10,21,11
39113021301,9,20,11
39113021302,9,20,11
39113021400,9,20,11
39113021501,10,21,11
39113021502,11,22,11
39113021601,10,21,11
39113021602,9,20,11
39113021700,11,22,11
39113021800,10,21,11
39113021900,10,21,11
39113030100,11,20,9
39113030200,12,20,8
39113040101,12,22,10
39113040102,12,22,10
39113040103,11,22,11
39113040201,11,22,11
39113040203,9,20,11
39113040204,10,21,11
39113040302,10,21,11
39113040303,10,21,11
39113040305,9,20,11
39113040306,9,20,11
39113040401,11,22,11
39113040403,11,22,11
39113040405,11,22,11
39113040406,10,21,11
39113050101,11,21,10
39113050103,10,21,11
39113050104,11,22,11
39113050105,12,21,9
39113050301,12,20,8
39113050302,12,21,9
39113050303,12,22,10
39113050401,12,22,10
39113050402,12,21,9
39113050502,11,21,10
39113050503,11,22,11
39113050504,11,22,11
39113050600,12,20,8
39113060100,11,19,8
39113060200,12,20,8
39113060300,12,20,8
39113070101,10,18,8
39113070102,10,18,8
39113070201,11,19,8
39113070202,12,20,8
39113070300,11,19,8
39113070400,11,19,8
39113070500,11,19,8
39113070600,11,19,8
39113070700,11,19,8
39113080100,10,19,9
39113080200,9,18,9
39113080300,11,20,9
39113080400,10,19,9
39113080500,8,17,9
39113080600,8,17,9
39113080700,7,16,9
39113090302,7,16,9
39113090303,6,16,10
39113090304,6,16,10
39113090600,7,17,10
39113090700,7,18,11
39113090800,7,18,11
39113090900,8,19,11
39113091000,9,19,10
39113091100,6,17,11
39113100101,6,15,9
39113100102,6,15,9
39113100201,6,16,10
39113100202,7,16,9
39113100203,6,16,10
39113100301,6,16,10
39113100302,6,16,10
39113100400,5,15,10
39113110100,7,16,9
39113110201,8,17,9
39113110202,7,16,9
39113115002,6,15,9
39113115011,7,16,9
39113115012,7,16,9
39113120101,9,17,8
39113120102,9,18,9
39113120103,9,18,9
39113125000,8,17,9
39113125101,9,18,9
39113125102,8,17,9
39113130101,9,17,8
39113130102,10,18,8
39113140100,11,19,8
39113150100,12,20,8
39113160100,13,21,8
39113165000,12,20,8
39113165100,10,19,9
39113165200,10,19,9
39113980000,6,17,11
39115968800,13,12,-1
39115968900,13,12,-1
39115969000,12,11,-1
39115969100,13,12,-1
39117965000,11,7,-4
39117965100,12,8,-4
39117965200,11,8,-3
39117965300,10,8,-2
39117965400,11,8,-3
39117965500,11,8,-3
39119911000,15,9,-6
39119911100,14,8,-6
39119911200,13,8,-5
39119911300,12,9,-3
39119911400,13,10,-3
39119911500,14,9,-5
39119911600,15,9,-6
39119911700,15,10,-5
39119911800,14,10,-4
39119911900,14,10,-4
39119912000,14,11,-3
39119912100,14,11,-3
39119912200,14,11,-3
39119912300,14,11,-3
39119912400,13,10,-3
39119912500,12,10,-2
39119912600,13,11,-2
39119912700,14,10,-4
39119912800,14,10,-4
39121968300,15,11,-4
39121968400,15,12,-3
39121968500,14,11,-3
39123050100,17,5,-12
39123050201,17,6,-11
39123050202,17,5,-12
39123050301,16,6,-10
39123050302,17,5,-12
39123050800,16,7,-9
39123050900,16,7,-9
39123051000,16,8,-8
39123051100,17,7,-10
39123051200,16,6,-10
39125960100,12,11,-1
39125960200,12,12,0
39125960300,11,12,1
39125960400,12,12,0
39125960500,11,11,0
39127965800,11,10,-1
39127965900,11,11,0
39127966000,12,11,-1
39127966100,11,12,1
39127966200,11,12,1
39127966300,10,12,2
39129020100,7,16,9
39129020200,8,16,8
39129020310,8,15,7
39129020320,7,15,8
39129020400,7,15,8
39129021100,7,14,7
39129021200,7,15,8
39129021300,6,16,10
39129021401,5,15,10
39129021402,6,16,10
39129021500,6,15,9
39129021600,6,15,9
39129021700,7,14,7
39131952200,11,16,5
39131952300,10,17,7
39131952400,11,16,5
39131952500,10,17,7
39131952600,9,17,8
39131952700,10,17,7
39133600102,27,13,-14
39133600103,26,12,-14
39133600200,28,13,-15
39133600301,28,13,-15
39133600302,28,12,-16
39133600401,27,11,-16
39133600402,27,11,-16
39133600403,28,12,-16
39133600500,28,12,-16
39133600602,27,13,-14
39133600603,27,13,-14
39133600703,26,14,-12
39133600704,26,14,-12
39133600705,25,15,-10
39133600706,25,15,-10
39133600800,28,14,-14
39133600901,28,14,-14
39133600902,27,14,-13
39133601000,27,14,-13
39133601100,27,13,-14
39133601200,29,13,-16
39133601300,28,12,-16
39133601400,28,13,-15
39133601501,29,14,-15
39133601502,29,14,-15
39133601503,28,13,-15
39133601600,28,12,-16
39133601701,27,13,-14
39133601702,26,14,-12
39133601801,26,14,-12
39133601802,25,15,-10
39133601901,24,15,-9
39133601902,24,15,-9
39133602000,24,15,-9
39133602100,25,15,-10
39135400100,11,17,6
39135410100,11,17,6
39135420100,10,17,7
39135430100,11,18,7
39135440100,12,19,7
39135450100,12,18,6
39135455001,13,19,6
39135455002,13,19,6
39135460100,12,18,6
39135470101,13,19,6
39135470102,13,19,6
39135480100,13,20,7
39137030100,12,9,-3
39137030200,12,10,-2
39137030300,12,10,-2
39137030400,11,9,-2
39137030500,11,10,-1
39137030600,11,11,0
39137030700,11,11,0
39139000400,14,7,-7
39139000500,14,7,-7
39139000600,15,7,-8
39139000700,14,6,-8
39139000800,15,6,-9
39139000900,15,6,-9
39139001000,14,6,-8
39139001100,14,7,-7
39139001200,13,7,-6
39139001300,14,8,-6
39139001400,14,7,-7
39139001500,13,6,-7
39139001600,14,6,-8
39139001700,13,5,-8
39139001800,14,5,-9
39139001900,15,5,-10
39139002000,14,6,-8
39139002101,13,7,-6
39139002102,13,7,-6
39139002200,12,7,-5
39139002300,12,6,-6
39139002400,13,7,-6
39139002500,13,6,-7
39139002600,14,6,-8
39139002700,13,5,-8
39139002800,13,5,-8
39139002900,14,4,-10
39139003001,13,7,-6
39139003002,13,6,-7
39139003100,14,6,-8
39141955500,8,14,6
39141955601,8,15,7
39141955602,8,16,8
39141955603,7,15,8
39141955700,7,16,9
39141955800,8,16,8
39141955900,8,16,8
39141956000,9,16,7
39141956100,10,16,6
39141956200,9,16,7
39141956300,9,15,6
39141956400,10,16,6
39141956500,9,16,7
39141956600,9,15,6
39141956700,10,15,5
39141956800,9,16,7
39141956900,8,17,9
39143960800,15,6,-9
39143960900,15,7,-8
39143961000,15,8,-7
39143961100,15,8,-7
39143961200,14,7,-7
39143961300,15,7,-8
39143961400,16,8,-8
39143961500,17,8,-9
39143961600,16,8,-8
39143961700,16,7,-9
39143961800,16,7,-9
39143961900,15,6,-9
39143962000,15,6,-9
39143962100,14,5,-9
39143962200,14,5,-9
39145002100,11,16,5
39145002200,11,17,6
39145002300,11,18,7
39145002400,12,18,6
39145002500,12,17,5
39145002600,12,17,5
39145002700,13,18,5
39145002800,14,19,5
39145002900,14,19,5
39145003000,13,18,5
39145003100,13,18,5
39145003200,14,19,5
39145003300,14,19,5
39145003400,14,19,5
39145003500,14,19,5
39145003600,14,19,5
39145003700,14,19,5
39145003800,13,18,5
39145003900,13,18,5
39145004000,12,19,7
39147962500,13,5,-8
39147962600,14,6,-8
39147962700,13,7,-6
39147962800,14,8,-6
39147962900,13,8,-5
39147963000,13,7,-6
39147963100,12,6,-6
39147963200,13,7,-6
39147963300,13,7,-6
39147963400,14,6,-8
39147963500,14,7,-7
39147963600,13,6,-7
39147963700,13,6,-7
39147963800,12,5,-7
39149971400,7,12,5
39149971500,8,13,5
39149971600,8,14,6
39149971700,7,13,6
39149971800,8,14,6
39149971900,7,13,6
39149972000,7,13,6
39149972100,7,13,6
39149972200,6,12,6
39149972300,7,13,6
39151700100,22,13,-9
39151700200,22,13,-9
39151700300,22,13,-9
39151700400,23,14,-9
39151700500,22,13,-9
39151700600,23,14,-9
39151700700,23,14,-9
39151700800,22,13,-9
39151701000,22,13,-9
39151701100,21,12,-9
39151701200,21,12,-9
39151701300,21,12,-9
39151701500,21,12,-9
39151701700,22,13,-9
39151701800,21,12,-9
39151702100,21,12,-9
39151702300,20,11,-9
39151702500,20,11,-9
39151710200,24,15,-9
39151710300,24,15,-9
39151710400,25,16,-9
39151710500,24,15,-9
39151710600,23,14,-9
39151710700,24,15,-9
39151710800,23,14,-9
39151710900,23,14,-9
39151711000,24,14,-10
39151711111,24,14,-10
39151711112,24,14,-10
39151711121,24,14,-10
39151711122,23,13,-10
39151711202,19,9,-10
39151711211,20,10,-10
39151711212,20,10,-10
39151711311,21,11,-10
39151711312,21,11,-10
39151711321,22,12,-10
39151711322,22,12,-10
39151711402,21,11,-10
39151711411,21,11,-10
39151711412,20,10,-10
39151711501,21,12,-9
39151711502,22,13,-9
39151711600,21,12,-9
39151711700,23,14,-9
39151711800,23,13,-10
39151711900,22,12,-10
39151712000,23,13,-10
39151712102,23,14,-9
39151712111,22,12,-10
39151712112,23,13,-10
39151712201,24,14,-10
39151712202,24,15,-9
39151712300,23,14,-9
39151712400,22,13,-9
39151712500,22,13,-9
39151712601,23,14,-9
39151712602,22,13,-9
39151712700,22,13,-9
39151712800,22,13,-9
39151712900,22,13,-9
39151713000,21,12,-9
39151713100,21,12,-9
39151713201,20,11,-9
39151713202,19,10,-9
39151713300,19,10,-9
39151713401,20,11,-9
39151713402,20,11,-9
39151713501,21,12,-9
39151713502,20,11,-9
39151713600,21,11,-10
39151713700,21,11,-10
39151713900,20,11,-9
39151714000,20,11,-9
39151714100,20,11,-9
39151714200,20,11,-9
39151714302,21,12,-9
39151714400,19,10,-9
39151714600,18,9,-9
39151714701,19,10,-9
39151714702,18,9,-9
39151714801,17,8,-9
39151714802,18,9,-9
39151714901,19,10,-9
39151714902,20,11,-9
39151715000,21,12,-9
39153501100,26,11,-15
39153501700,26,12,-14
39153501800,24,11,-13
39153501900,25,12,-13
39153502101,26,11,-15
39153502102,27,12,-15
39153502200,26,11,-15
39153502300,27,12,-15
39153502500,26,12,-14
39153502600,26,13,-13
39153502700,27,12,-15
39153502800,26,13,-13
39153503100,26,13,-13
39153503200,25,14,-11
39153503300,24,14,-10
39153503400,26,13,-13
39153503500,25,14,-11
39153503600,25,13,-12
39153503701,25,14,-11
39153503702,26,14,-12
39153503800,24,14,-10
39153504100,26,13,-13
39153504200,26,12,-14
39153504400,25,12,-13
39153504500,26,12,-14
39153504600,25,13,-12
39153504700,25,13,-12
39153504800,24,13,-11
39153505200,24,11,-13
39153505300,25,12,-13
39153505400,24,11,-13
39153505500,24,12,-12
39153505600,24,12,-12
39153505700,23,11,-12
39153505800,23,11,-12
39153505900,24,12,-12
39153506100,24,9,-15
39153506200,24,9,-15
39153506400,25,10,-15
39153506500,25,10,-15
39153506600,26,11,-15
39153506700,24,10,-14
39153506800,25,11,-14
39153507101,24,9,-15
39153507102,24,9,-15
39153507201,25,10,-15
39153507202,25,10,-15
39153507203,25,10,-15
39153507300,26,11,-15
39153507400,26,11,-15
39153507500,25,10,-15
39153507600,26,11,-15
39153508000,24,9,-15
39153508301,26,12,-14
39153508399,23,10,-13
39153508600,24,10,-14
39153508800,23,9,-14
39153508900,26,12,-14
39153509000,27,12,-15
39153510100,22,10,-12
39153510200,22,10,-12
39153510301,21,10,-11
39153510302,22,11,-11
39153510400,22,10,-12
39153510500,22,10,-12
39153520103,27,12,-15
39153520104,27,11,-16
39153520105,28,12,-16
39153520106,28,12,-16
39153520201,26,11,-15
39153520202,27,11,-16
39153520301,25,10,-15
39153520302,26,11,-15
39153520400,26,10,-16
39153520500,27,11,-16
39153520600,27,11,-16
39153530101,28,12,-16
39153530103,27,11,-16
39153530104,27,12,-15
39153530105,27,11,-16
39153530108,28,13,-15
39153530401,28,12,-16
39153530402,28,12,-16
39153530501,28,12,-16
39153530502,28,12,-16
39153530603,26,10,-16
39153530604,27,11,-16
39153530605,27,11,-16
39153530606,27,11,-16
39153530700,27,11,-16
39153530800,28,12,-16
39153530901,27,12,-15
39153530902,28,13,-15
39153530903,27,13,-14
39153531001,26,14,-12
39153531002,25,15,-10
39153531101,25,15,-10
39153531102,24,14,-10
39153531103,24,14,-10
39153531401,22,12,-10
39153531405,23,13,-10
39153531500,22,12,-10
39153531601,22,11,-11
39153531602,21,11,-10
39153531701,20,9,-11
39153531702,21,10,-11
39153531801,23,12,-11
39153531802,23,13,-10
39153532001,21,9,-12
39153532003,22,8,-14
39153532004,22,9,-13
39153532202,23,8,-15
39153532301,22,7,-15
39153532302,23,8,-15
39153532501,23,7,-16
39153532502,23,7,-16
39153532600,24,8,-16
39153532701,26,10,-16
39153532702,26,10,-16
39153532703,25,9,-16
39153532705,25,10,-15
39153532706,25,9,-16
39153532708,27,11,-16
39153532901,24,9,-15
39153532902,25,9,-16
39153532999,23,13,-10
39153533000,22,11,-11
39153533101,26,10,-16
39153533102,26,10,-16
39153533200,26,10,-16
39153533400,23,8,-15
39153533501,22,7,-15
39153533502,22,7,-15
39153534000,25,9,-16
39153534100,25,9,-16
39155920300,28,14,-14
39155920400,29,15,-14
39155920500,28,16,-12
39155920600,27,15,-12
39155920700,27,14,-13
39155920800,28,15,-13
39155920900,28,15,-13
39155921000,28,14,-14
39155921100,28,14,-14
39155921200,27,13,-14
39155921300,27,13,-14
39155921400,28,14,-14
39155921500,29,15,-14
39155921600,28,16,-12
39155930101,26,12,-14
39155930102,27,13,-14
39155930200,25,11,-14
39155930300,25,11,-14
39155930400,25,11,-14
39155930500,25,11,-14
39155930600,26,12,-14
39155930700,27,13,-14
39155930800,26,12,-14
39155930900,26,12,-14
39155931000,26,12,-14
39155931100,26,12,-14
39155931200,27,13,-14
39155931300,28,14,-14
39155931400,29,15,-14
39155931500,28,15,-13
39155931601,29,16,-13
39155931602,29,16,-13
39155931700,29,16,-13
39155931900,29,15,-14
39155932000,28,14,-14
39155932200,29,15,-14
39155932300,29,15,-14
39155932500,28,17,-11
39155932600,28,16,-12
39155932701,29,15,-14
39155932702,29,16,-13
39155932801,28,16,-12
39155932802,28,17,-11
39155932900,28,14,-14
39155933001,27,13,-14
39155933002,27,13,-14
39155933100,28,14,-14
39155933301,27,16,-11
39155933302,27,17,-10
39155933400,26,15,-11
39155933500,26,14,-12
39155933600,27,14,-13
39155933700,27,13,-14
39155933800,29,15,-14
39155933900,28,16,-12
39157020100,17,9,-8
39157020200,18,10,-8
39157020300,19,10,-9
39157020400,19,11,-8
39157020500,17,9,-8
39157020600,18,10,-8
39157020700,18,10,-8
39157020800,18,11,-7
39157020900,19,11,-8
39157021000,18,11,-7
39157021100,18,10,-8
39157021200,18,11,-7
39157021300,16,9,-7
39157021400,16,9,-7
39157021500,17,10,-7
39157021600,18,12,-6
39157021700,16,9,-7
39157021800,16,10,-6
39157021900,17,11,-6
39157022001,18,11,-7
39157022002,18,12,-6
39159050100,8,9,1
39159050200,7,10,3
39159050301,6,11,5
39159050303,7,11,4
39159050304,7,10,3
39159050400,7,12,5
39159050500,7,11,4
39159050601,7,11,4
39159050602,7,10,3
39159050700,6,11,5
39161020100,10,12,2
39161020200,10,13,3
39161020300,10,14,4
39161020400,9,13,4
39161020500,11,12,1
39161020600,11,13,2
39161020700,11,14,3
39161020800,11,14,3
39161020900,11,13,2
39163953000,9,14,5
39163953100,10,15,5
39163953200,10,15,5
39165030101,12,21,9
39165030102,11,21,10
39165030200,12,22,10
39165030501,10,21,11
39165030503,10,21,11
39165030504,10,21,11
39165030600,10,21,11
39165030700,10,21,11
39165030800,9,20,11
39165030900,9,20,11
39165031000,8,19,11
39165031100,8,19,11
39165031200,9,20,11
39165031300,10,21,11
39165031400,10,21,11
39165031500,11,22,11
39165031600,10,21,11
39165031902,11,22,11
39165031903,11,22,11
39165031904,12,23,11
39165032003,11,22,11
39165032004,13,24,11
39165032005,12,23,11
39165032006,12,23,11
39165032007,11,22,11
39165032100,10,21,11
39165032201,10,21,11
39165032202,10,21,11
39165032300,9,20,11
39165032400,9,20,11
39165032501,11,22,11
39165032502,11,22,11
39167020101,14,15,1
39167020102,14,15,1
39167020200,13,14,1
39167020300,14,14,0
39167020400,15,14,-1
39167020500,15,15,0
39167020800,16,14,-2
39167020900,16,14,-2
39167021000,16,14,-2
39167021100,16,13,-3
39167021200,15,12,-3
39167021300,14,12,-2
39167021400,15,13,-2
39167021500,15,13,-2
39167021600,14,13,-1
39167021700,13,13,0
39169000100,18,6,-12
39169000200,18,6,-12
39169000300,18,6,-12
39169000500,17,6,-11
39169000600,17,5,-12
39169000700,17,5,-12
39169000800,18,6,-12
39169000900,18,7,-11
39169001000,19,8,-11
39169001100,19,9,-10
39169001200,19,9,-10
39169001300,18,8,-10
39169001400,17,7,-10
39169001700,16,7,-9
39169001800,16,6,-10
39169001900,15,5,-10
39169002000,16,5,-11
39169002100,16,4,-12
39169002200,17,4,-13
39169002300,17,5,-12
39169002400,18,6,-12
39169002500,19,7,-12
39169002901,21,9,-12
39169002902,20,8,-12
39169003000,19,8,-11
39169003100,19,8,-11
39169003200,18,8,-10
39169003300,17,8,-9
39169003400,20,8,-12
39169003500,20,7,-13
39169003700,17,7,-10
39169980000,19,7,-12
39171950100,16,13,-3
39171950200,16,14,-2
39171950300,17,14,-3
39171950400,16,13,-3
39171950500,15,12,-3
39171950600,16,13,-3
39171950700,16,13,-3
39171950800,15,13,-2
39171950900,15,13,-2
39173020100,16,8,-8
39173020200,17,9,-8
39173020300,16,9,-7
39173020401,16,10,-6
39173020402,16,10,-6
39173020500,16,11,-5
39173020601,16,10,-6
39173020602,15,11,-4
39173020700,15,9,-6
39173020800,16,9,-7
39173020900,16,8,-8
39173021000,15,9,-6
39173021100,14,9,-5
39173021200,14,10,-4
39173021300,14,10,-4
39173021400,13,9,-4
39173021500,13,9,-4
39173021600,14,10,-4
39173021701,14,10,-4
39173021702,15,11,-4
39173021800,14,10,-4
39173021901,14,10,-4
39173021902,14,10,-4
39173022100,14,8,-6
39173022200,13,8,-5
39173022300,12,8,-4
39173022400,12,9,-3
39173022500,13,9,-4
39175938000,11,6,-5
39175938100,11,7,-4
39175938200,10,7,-3
39175938300,11,7,-4
39175938400,11,8,-3
39175938500,11,7,-4