GEO_ID,CIT_EST,district
39001770100,4670,8
39001770200,4960,8
39001770300,7020,8
39001770400,4665,8
39001770500,3290,8
39001770600,3545,8
39003010100,4405,3
39003010200,4100,3
39003010300,1530,3
39003010600,5010,2
39003010800,7650,2
39003010900,4760,3
39003011000,5740,3
39003011200,2630,3
39003011300,7335,3
39003011400,2985,3
39003011500,2740,3
39003011600,2770,3
39003011800,2580,3
39003011900,3030,3
39003012000,2235,3
39003012100,3390,2
39003012200,3525,3
39003012300,3855,3
39003012400,2630,3
39003012600,1970,3
39003012700,1900,3
39003012900,1460,3
39003013000,4370,3
39003013100,2350,3
39003013200,1910,3
39003013300,1305,3
39003013400,2460,3
39003013600,1290,3
39003013700,1160,3
39003013800,2825,3
39003013900,3345,2
39003014000,3410,4
39003014100,1965,3
39005970100,8280,16
39005970200,5815,16
39005970300,3945,16
39005970400,3640,16
39005970500,2840,16
39005970600,5180,16
39005970700,5240,16
39005970800,3805,16
39005970900,5170,16
39005971000,4945,16
39005971100,3800,16
39007000101,4810,13
39007000102,3265,13
39007000103,3835,13
39007000200,4240,13
39007000300,2045,13
39007000400,1770,13
39007000500,4340,13
39007000601,2585,13
39007000602,3140,13
39007000603,4175,13
39007000701,3250,13
39007000702,2480,13
39007000703,3590,13
39007000704,4190,13
39007000801,1850,13
39007000802,5370,13
39007000900,4470,13
39007001001,5385,13
39007001002,3330,13
39007001101,2050,13
39007001102,5870,13
39007001200,7540,13
39007001301,3505,13
39007001302,4025,13
39007001400,7995,14
39007990000,0,13
39009972600,4410,10
39009972700,3965,10
39009972800,4365,10
39009972900,5265,10
39009973000,3635,10
39009973101,4395,10
39009973200,4855,10
39009973300,3345,10
39009973400,3585,10
39009973500,3675,10
39009973600,3570,10
39009973700,3795,10
39009973800,5000,10
39009973901,5785,10
39009973902,3065,10
39011040100,3930,2
39011040200,4430,2
39011040300,3700,2
39011040400,6225,2
39011040500,4810,2
39011040600,3535,2
39011040900,3715,2
39011041000,3655,2
39011041100,4230,2
39011041201,1995,2
39011041202,5365,2
39013010100,4235,10
39013010200,3875,10
39013010300,3255,10
39013010600,3595,10
39013010700,2660,10
39013010802,2385,10
39013010900,6610,10
39013011000,4850,10
39013011200,3715,10
39013011300,3815,10
39013011400,4460,10
39013011500,1545,10
39013011600,1255,10
39013011700,1420,10
39013011900,2885,10
39013012000,2730,10
39013012100,1290,10
39013012200,5965,10
39013012300,4135,10
39013012400,4565,10
39015951201,4295,8
39015951202,4825,8
39015951300,7835,8
39015951400,4280,8
39015951500,5360,8
39015951600,3580,8
39015951700,2735,8
39015951800,5360,8
39015951900,5820,8
39017000100,4795,6
39017000200,4535,6
39017000300,3200,5
39017000400,4035,6
39017000500,4400,6
39017000600,4890,6
39017001001,5165,5
39017001002,5605,5
39017001100,4515,5
39017001300,4450,5
39017010101,6665,5
39017010102,2740,5
39017010103,5525,5
39017010104,4605,5
39017010201,1855,5
39017010202,3980,5
39017010203,5580,5
39017010301,4510,5
39017010302,3610,5
39017010500,2370,5
39017010600,3635,5
39017010800,6415,5
39017010901,4005,6
39017010903,4975,6
39017010904,3640,6
39017010906,6725,6
39017010907,2500,6
39017010908,5000,6
39017010909,4785,6
39017010910,4585,6
39017010911,4020,6
39017011002,12675,5
39017011003,6295,6
39017011004,5425,6
39017011109,4075,5
39017011110,5195,5
39017011111,6605,5
39017011112,5360,6
39017011116,8230,6
39017011117,11095,5
39017011118,3420,5
39017011120,7295,5
39017011121,7760,5
39017011122,5270,6
39017011123,4065,6
39017011125,3505,5
39017011126,5080,6
39017011127,4635,6
39017011128,3210,6
39017011129,3800,6
39017011130,4700,6
39017011131,2865,6
39017011200,7730,5
39017011300,5390,5
39017011800,5685,5
39017012100,3130,5
39017012200,3115,5
39017012300,2305,5
39017012400,2250,5
39017012500,4585,5
39017012600,2610,5
39017012700,3000,5
39017013000,1410,5
39017013100,2005,5
39017013200,3580,5
39017013300,1955,5
39017013400,2215,5
39017013500,2955,5
39017013600,4995,5
39017013900,2730,5
39017014000,2340,5
39017014100,2280,5
39017014300,4610,5
39017014400,1460,5
39017014600,940,5
39017014700,3950,5
39017014800,6940,5
39017014900,4870,5
39017015000,7520,5
39017015100,7425,5
39019720100,3440,11
39019720200,3805,11
39019720300,4970,11
39019720400,4030,11
39019720500,5410,11
39019720600,3465,11
39019720700,3095,11
39021010100,1975,2
39021010200,7245,2
39021010400,4010,2
39021010500,3945,2
39021010600,4060,2
39021011001,2735,2
39021011501,4020,2
39021011504,5060,2
39021011505,3345,2
39021011506,2835,2
39023000200,1465,2
39023000300,1330,2
39023000400,2115,2
39023000500,1500,2
39023000600,2700,2
39023000700,2600,2
39023000901,2515,2
39023000902,1050,2
39023001000,1370,2
39023001101,1225,2
39023001102,2845,2
39023001200,4685,2
39023001300,3640,2
39023001400,3620,2
39023001500,4810,2
39023001600,4065,2
39023001700,2300,2
39023001900,2900,2
39023002000,2165,2
39023002100,1580,2
39023002200,4220,2
39023002301,3190,2
39023002403,4005,2
39023002404,3145,2
39023002501,2085,2
39023002502,3055,2
39023002601,3760,2
39023002602,3990,2
39023002605,3940,2
39023002606,7340,2
39023002701,3205,2
39023002702,2220,2
39023002800,4390,2
39023002901,3750,2
39023002902,4355,2
39023003001,2915,2
39023003002,3480,2
39023003101,2640,2
39023003102,1920,2
39023003200,2580,2
39023003301,3505,2
39023003302,2675,2
39023003400,3795,2
39023003700,4620,2
39025040101,4860,8
39025040102,3060,8
39025040202,2325,8
39025040203,6575,8
39025040204,6620,8
39025040301,3680,8
39025040302,3270,8
39025040303,7590,8
39025040401,3585,8
39025040403,2735,8
39025040404,3740,8
39025040405,2670,8
39025040500,5035,8
39025040600,6815,8
39025040701,6715,8
39025040702,3820,8
39025040800,5925,8
39025040900,5835,8
39025041000,7560,8
39025041101,2690,8
39025041102,4510,8
39025041103,8625,8
39025041200,8325,8
39025041303,5290,8
39025041304,40,8
39025041305,5135,8
39025041306,4050,8
39025041307,4695,8
39025041403,4285,8
39025041404,4565,8
39025041405,5535,8
39025041406,4785,8
39025041501,6740,8
39025041502,7770,8
39025041600,5240,8
39025041701,4530,8
39025041702,3325,8
39025041800,3900,8
39025041900,5600,8
39025042000,6450,8
39027964300,3825,7
39027964400,5245,7
39027964500,6545,7
39027964600,2495,7
39027964700,5500,7
39027964800,4845,7
39027964900,5040,8
39027965000,4090,7
39027965100,4130,7
39029950100,5960,12
39029950200,4485,12
39029950300,5200,12
39029950400,4350,12
39029950500,5730,12
39029950600,5140,12
39029950700,5210,12
39029950800,4340,12
39029950900,3915,12
39029951000,5745,11
39029951100,4740,12
39029951200,4635,11
39029951300,3705,12
39029951400,7215,12
39029951500,4430,12
39029951600,5485,12
39029951700,4980,12
39029951800,3275,12
39029951900,3705,12
39029952000,2555,12
39029952100,1395,12
39029952200,2045,12
39029952300,3120,12
39029952400,4075,12
39031960900,4690,10
39031961000,5015,10
39031961100,4415,10
39031961200,2640,10
39031961300,3850,10
39031961400,3210,10
39031961500,2405,10
39031961600,2460,10
39031961700,2835,10
39031961800,5155,10
39033974100,3550,3
39033974200,4185,3
39033974300,2615,3
39033974400,3670,3
39033974500,3920,3
39033974600,2720,3
39033974700,3810,3
39033974800,2150,3
39033974900,3320,3
39033975000,3900,3
39033975100,2725,3
39033975200,2595,3
39033975300,3335,3
39035101101,1575,13
39035101102,4445,13
39035101200,2585,13
39035101300,1790,13
39035101400,1840,13
39035101501,2430,13
39035101603,2530,14
39035101700,2625,14
39035101800,2280,14
39035101901,1680,14
39035102101,2770,14
39035102102,2780,14
39035102200,2660,14
39035102300,2190,14
39035102401,2205,14
39035102402,3420,14
39035102700,4255,14
39035102800,1905,14
39035102900,1945,14
39035103100,1155,14
39035103300,2435,14
39035103400,2290,14
39035103500,1725,14
39035103602,3205,14
39035103800,1705,14
39035103900,1990,14
39035104100,865,14
39035104200,1140,14
39035104300,1860,14
39035104400,1370,14
39035104600,1060,14
39035104800,1810,14
39035104900,2135,14
39035105100,3595,14
39035105300,2865,14
39035105400,3505,14
39035105500,1980,14
39035105602,2360,14
39035105700,4170,14
39035105900,3275,15
39035106100,3615,14
39035106200,3655,14
39035106300,2935,14
39035106400,1100,14
39035106500,2500,15
39035106600,3690,15
39035106800,2700,14
39035106900,3605,14
39035107000,1610,14
39035107101,4560,14
39035107701,1975,14
39035107802,2960,14
39035108201,1370,14
39035108301,1175,14
39035108400,1050,14
39035108701,4310,14
39035109301,1310,14
39035109701,2535,14
39035109801,2005,14
39035110501,745,14
39035110801,1185,14
39035110901,3325,14
39035111202,1200,14
39035111401,1075,14
39035111500,780,14
39035111600,965,14
39035111700,1065,14
39035111800,740,14
39035111902,720,14
39035112100,1945,14
39035112200,1100,14
39035112301,1450,14
39035112400,1045,14
39035112500,1280,14
39035112600,995,14
39035112800,1030,14
39035113101,685,14
39035113500,1220,14
39035113600,930,14
39035113801,1755,14
39035114100,895,14
39035114300,1650,14
39035114501,1020,14
39035114600,1195,14
39035114700,480,14
39035114900,1830,14
39035115100,1300,14
39035115200,905,14
39035115300,870,14
39035115400,1535,14
39035115700,1450,14
39035115800,3090,14
39035115900,3890,14
39035116100,940,14
39035116200,1025,14
39035116300,1740,14
39035116400,3150,14
39035116500,1935,14
39035116600,2395,14
39035116700,1650,14
39035116800,2335,14
39035116900,1355,14
39035117101,2525,13
39035117102,1165,13
39035117201,3030,13
39035117202,1860,13
39035117300,2370,13
39035117400,1565,13
39035117500,2890,13
39035117600,2830,13
39035117700,4400,13
39035117800,2215,13
39035117900,2290,14
39035118101,2010,14
39035118200,1680,14
39035118301,2255,14
39035118400,1550,14
39035118500,880,14
39035118602,1660,14
39035118700,3605,14
39035118800,2420,14
39035118900,1595,14
39035119100,100,14
39035119202,1180,14
39035119300,3610,14
39035119401,1655,14
39035119402,1760,14
39035119501,2545,14
39035119502,1800,14
39035119600,2000,14
39035119701,1470,14
39035119702,1740,14
39035119800,3210,14
39035119900,1735,14
39035120200,2655,14
39035120400,2310,14
39035120500,2600,14
39035120600,2630,14
39035120701,1435,14
39035120702,1670,14
39035120801,2040,14
39035120802,2055,14
39035121100,2540,14
39035121200,1720,14
39035121300,2195,14
39035121401,1810,14
39035121403,2505,14
39035121500,3155,14
39035121700,3595,14
39035121800,1805,14
39035121900,1270,14
39035122100,3310,14
39035122200,1695,14
39035122300,1730,14
39035123100,2530,13
39035123200,3155,13
39035123400,3645,13
39035123501,3365,14
39035123502,2405,14
39035123601,3020,16
39035123602,2845,16
39035123603,3310,13
39035123700,2595,16
39035123800,2250,16
39035123900,2475,14
39035124100,4770,14
39035124201,2800,14
39035124202,1635,16
39035124300,4325,16
39035124500,3505,16
39035124600,3575,15
39035126100,2925,14
39035127501,3285,14
39035130103,4430,13
39035130104,4135,13
39035130105,3385,13
39035130106,3415,13
39035131102,3040,14
39035131103,4105,14
39035131104,3870,14
39035132100,4725,15
39035132200,2750,15
39035132301,3365,15
39035132302,1805,15
39035133103,3370,15
39035133104,2530,15
39035134100,1365,16
39035134203,3300,16
39035134204,4325,16
39035134205,2770,16
39035134206,3055,16
39035134300,3855,16
39035135103,2175,15
39035135104,4090,15
39035135105,5745,15
39035135106,1250,15
39035136101,5335,15
39035136102,7465,15
39035136103,5730,15
39035137101,2165,14
39035137102,4460,14
39035137103,3875,15
39035138105,1190,16
39035138106,3390,16
39035138107,2080,16
39035138108,4075,16
39035138109,4035,16
39035138110,3895,15
39035140100,1465,14
39035140301,2380,14
39035140302,2540,14
39035140400,2570,14
39035140500,3350,14
39035140600,875,14
39035140701,2430,14
39035140702,1900,14
39035140800,3370,14
39035140900,2110,14
39035141000,1195,14
39035141100,3505,14
39035141200,2915,14
39035141300,2810,14
39035141400,2465,14
39035141500,1615,14
39035141601,1545,14
39035141602,1420,14
39035141700,1400,14
39035150100,2240,14
39035150300,1830,14
39035150400,1480,14
39035151100,1270,14
39035151200,1570,14
39035151300,1970,14
39035151400,1585,14
39035151500,1280,14
39035151600,1350,14
39035151700,1060,14
39035151800,1825,14
39035152101,2390,13
39035152102,4265,13
39035152201,2960,13
39035152202,4180,13
39035152301,2710,13
39035152302,4515,13
39035152303,3770,13
39035152400,1785,13
39035152501,3485,13
39035152502,2530,13
39035152603,1015,13
39035152604,4180,13
39035152701,2195,13
39035152702,2130,14
39035152703,1760,13
39035153103,2755,16
39035153104,3025,16
39035153105,3755,13
39035153106,3450,16
39035153107,3140,13
39035154100,2085,14
39035154200,1345,14
39035154300,1130,14
39035154400,2810,14
39035154501,3370,15
39035154502,3090,15
39035154601,4555,14
39035154603,3405,15
39035154604,3905,15
39035154700,2410,14
39035155101,4965,14
39035155102,3075,14
39035156101,1340,15
39035156102,5770,15
39035160100,1855,13
39035160200,2160,13
39035160300,1900,13
39035160400,3050,13
39035160500,3610,13
39035160601,4940,13
39035160602,2830,13
39035160700,1480,13
39035160800,1065,13
39035160900,3545,13
39035161000,1750,13
39035161100,3665,13
39035161200,2870,13
39035161300,2680,13
39035161400,3135,13
39035161500,3870,13
39035161600,1950,13
39035161700,2110,13
39035161800,980,13
39035170101,2650,14
39035170102,5235,14
39035170201,2080,14
39035170202,3600,14
39035171102,4770,15
39035171103,3920,14
39035171104,4685,14
39035171203,2485,14
39035171204,1895,15
39035171205,2505,15
39035171206,2265,15
39035172101,2390,14
39035172102,3510,14
39035172103,4245,14
39035172201,3685,14
39035172202,3630,14
39035173103,2675,15
39035173104,4205,16
39035173105,2445,15
39035173106,2775,15
39035173107,2390,16
39035174103,2905,16
39035174104,2325,16
39035174105,2900,16
39035174106,2845,16
39035174107,3895,16
39035174203,3105,16
39035174204,3895,16
39035174205,4650,16
39035174206,1920,16
39035174207,3240,16
39035175103,6575,15
39035175104,6165,15
39035175105,4480,15
39035175106,2940,15
39035175201,6070,15
39035175202,2950,15
39035176100,2175,16
39035176200,5440,16
39035177101,3920,15
39035177103,3740,15
39035177104,3365,15
39035177201,4015,15
39035177202,3380,15
39035177302,2350,15
39035177303,4615,15
39035177304,3110,15
39035177403,3105,15
39035177404,2740,15
39035177405,4505,15
39035177406,4130,15
39035177501,4050,15
39035177503,3450,15
39035177504,3865,15
39035177505,4260,15
39035177604,2070,15
39035177605,2720,15
39035177606,3560,15
39035177607,3950,15
39035177608,5395,15
39035177609,1950,15
39035178101,2565,15
39035178102,4610,15
39035178201,3295,15
39035178204,4025,15
39035178205,2105,15
39035178206,2795,15
39035179101,3080,14
39035179102,2915,14
39035180102,3910,14
39035180103,3595,13
39035180104,2770,14
39035181100,6130,13
39035181201,5560,13
39035181203,3110,13
39035181204,4925,13
39035182103,2475,15
39035182104,2365,15
39035182105,3600,15
39035182106,3010,15
39035183100,2305,14
39035183200,2310,14
39035183300,4130,14
39035183401,2010,14
39035183402,1300,14
39035183501,3200,14
39035183502,3475,14
39035183603,1470,14
39035183604,2090,14
39035183605,2595,14
39035183606,1655,14
39035184103,3830,15
39035184104,1800,15
39035184105,4370,15
39035184106,2100,15
39035184108,7050,15
39035185101,2430,14
39035185102,2760,14
39035185103,2145,14
39035185104,3865,14
39035185201,1715,14
39035185202,4655,14
39035185203,3770,14
39035186103,4070,16
39035186104,2615,16
39035186105,3505,16
39035186106,4890,15
39035186107,5615,15
39035186201,5850,15
39035186202,4470,16
39035186203,3665,15
39035186205,4995,16
39035186206,4200,16
39035187103,2720,14
39035187104,3205,14
39035187105,3000,14
39035187106,3940,14
39035188103,3500,14
39035188104,1610,14
39035188105,3330,14
39035188106,2375,14
39035188107,2385,14
39035189105,4060,13
39035189107,4735,16
39035189108,5015,16
39035189109,3170,16
39035189110,4165,13
39035189111,6375,13
39035189112,3850,16
39035190502,2120,16
39035190503,1685,16
39035190504,10545,16
39035192300,1510,15
39035192800,1135,14
39035192900,1940,15
39035193800,1000,14
39035193900,965,14
39035194100,2265,15
39035194300,3240,14
39035194500,2080,14
39035194800,810,14
39035194900,3170,14
39035195600,4555,15
39035195700,4530,15
39035195800,3780,15
39035195900,4130,14
39035196000,1550,14
39035196100,2575,14
39035196200,3830,13
39035196300,3925,14
39035196400,2760,14
39035196500,1560,14
39035980100,0,14
39035980500,0,16
39035981100,0,16
39035990000,0,13
39037500100,4085,2
39037510100,3820,2
39037520100,3325,2
39037530100,4450,2
39037540100,3405,2
39037550100,3420,2
39037555000,5950,5
39037555101,3855,5
39037555102,4065,5
39037560100,7265,5
39037570101,2905,5
39037570102,5625,5
39039958100,4360,4
39039958200,5015,4
39039958300,4080,4
39039958400,4055,4
39039958500,4275,4
39039958600,3835,4
39039958700,4645,4
39039958800,3125,4
39039958900,5035,4
39041010100,5230,3
39041010200,5465,3
39041010420,2705,3
39041010421,2530,3
39041010422,5960,3
39041010520,5760,3
39041010530,2955,3
39041011101,2960,3
39041011102,5465,9
39041011200,3145,3
39041011411,2800,3
39041011412,4680,3
39041011413,6870,3
39041011421,6610,3
39041011423,6795,3
39041011430,2785,3
39041011520,3900,3
39041011530,3680,3
39041011540,5810,3
39041011550,8860,3
39041011560,8250,9
39041011561,4315,3
39041011604,5740,9
39041011710,6160,9
39041011730,6625,9
39041011740,5805,9
39041011750,7015,9
39041011760,4570,9
39041011762,5450,9
39041011900,5300,3
39041012000,5520,2
39041012100,7220,3
39041012200,4860,3
39041012300,4340,9
39041012400,4960,3
39043040100,5685,13
39043040200,3815,13
39043040300,6260,16
39043040400,5365,13
39043040500,4985,13
39043040600,795,13
39043040700,3930,13
39043040800,4060,13
39043040900,3355,3
39043041000,3310,13
39043041100,3685,13
39043041200,2345,13
39043041300,3775,13
39043041400,2585,13
39043041500,3445,13
39043041600,5700,13
39043041700,6445,3
39043041800,6085,13
39043990100,0,13
39045030100,3755,9
39045030200,3110,9
39045030300,3325,9
39045030400,4675,9
39045030600,9720,9
39045030700,3330,7
39045030800,5285,7
39045030900,8325,9
39045031000,5685,9
39045031100,6130,10
39045031200,5065,10
39045031300,3070,9
39045031400,6625,9
39045031500,2855,9
39045031600,6350,9
39045031700,4360,9
39045032000,3020,9
39045032100,3645,9
39045032200,3490,10
39045032300,4110,10
39045032500,6205,9
39045032600,6790,7
39045032701,4260,9
39045032702,7070,9
39045032800,3890,9
39045032900,10120,9
39045033000,4420,9
39045033100,8665,9
39047925800,3885,7
39047925900,3685,7
39047926000,3985,7
39047926100,4735,7
39047926200,4655,7
39047926300,3315,7
39047926400,4185,7
39049000110,3605,1
39049000120,3210,1
39049000210,3410,1
39049000220,3845,1
39049000310,3200,1
39049000320,2370,1
39049000330,2340,1
39049000410,2410,1
39049000420,3335,1
39049000500,3865,1
39049000600,4265,1
39049000710,3285,1
39049000720,2040,1
39049000730,3370,1
39049000810,2405,1
39049000820,2585,9
39049000910,3500,1
39049000920,1640,9
39049001000,5145,1
39049001110,2740,1
39049001121,8225,1
39049001122,2505,1
39049001200,3790,1
39049001300,5620,1
39049001400,1495,1
39049001500,1825,1
39049001600,1250,1
39049001700,2035,1
39049001810,3450,1
39049001820,2590,1
39049001901,2045,1
39049001902,3280,1
39049002000,3115,1
39049002100,1590,1
39049002200,1755,1
39049002300,1280,1
39049002510,2965,9
39049002520,2670,9
39049002600,3270,9
39049002710,1720,9
39049002730,2160,9
39049002740,2395,9
39049002750,2325,9
39049002760,3385,9
39049002770,1955,9
39049002780,2555,1
39049002800,1910,1
39049002900,2605,1
39049003000,3260,1
39049003200,2475,1
39049003600,1385,1
39049003700,3320,1
39049003800,2170,1
39049004000,3115,1
39049004200,585,1
39049004300,4935,1
39049004500,4310,1
39049004610,2940,1
39049004620,2325,1
39049004700,4440,1
39049004810,3205,1
39049004820,2165,1
39049004900,5515,1
39049005000,4495,1
39049005100,1615,1
39049005200,2790,1
39049005300,3025,1
39049005410,1665,1
39049005420,2255,1
39049005500,4440,1
39049005610,1710,1
39049005620,2535,1
39049005700,3100,1
39049005810,2530,1
39049005820,1920,1
39049005900,2395,1
39049006000,1825,1
39049006100,2530,1
39049006220,7170,1
39049006230,12400,1
39049006236,5875,1
39049006310,4415,1
39049006321,4440,1
39049006323,3400,1
39049006330,4830,1
39049006340,2930,1
39049006351,3765,1
39049006352,2470,1
39049006353,3885,1
39049006371,6805,1
39049006372,4700,1
39049006383,8415,1
39049006384,6185,3
39049006386,3580,1
39049006387,5440,1
39049006391,5060,1
39049006392,4370,1
39049006393,5210,3
39049006394,2735,3
39049006395,2960,1
39049006396,4480,1
39049006410,2710,1
39049006430,4395,1
39049006500,3365,1
39049006600,4075,1
39049006710,2670,1
39049006721,3300,1
39049006722,2990,1
39049006810,2190,1
39049006821,3345,1
39049006822,2080,1
39049006910,1635,1
39049006921,3460,1
39049006923,3105,1
39049006924,3325,1
39049006931,5650,9
39049006932,5920,9
39049006933,4680,9
39049006942,1070,1
39049006943,4050,1
39049006944,4020,9
39049006945,4760,9
39049006950,2695,1
39049006990,6790,9
39049007010,3755,9
39049007020,6200,9
39049007041,2045,1
39049007043,3865,1
39049007044,5110,1
39049007047,3555,1
39049007048,5905,1
39049007112,5655,9
39049007113,4465,9
39049007114,4540,9
39049007115,4520,9
39049007120,4940,9
39049007132,8070,9
39049007193,6435,9
39049007194,6275,9
39049007198,2770,9
39049007199,5420,9
39049007201,630,9
39049007202,3445,9
39049007203,3865,9
39049007205,4240,9
39049007207,4675,9
39049007209,6505,9
39049007210,8730,9
39049007393,8860,9
39049007394,2570,9
39049007395,12580,9
39049007396,10240,9
39049007424,5550,9
39049007425,2760,9
39049007426,3000,9
39049007427,6000,9
39049007492,6015,9
39049007494,4415,9
39049007511,1695,9
39049007512,4085,9
39049007520,3145,9
39049007531,2065,9
39049007532,1600,9
39049007533,1815,9
39049007534,2490,9
39049007550,2985,9
39049007551,7820,9
39049007710,4110,9
39049007721,3420,9
39049007722,3080,1
39049007730,2800,1
39049007740,1635,1
39049007811,3480,1
39049007812,4195,1
39049007820,2140,1
39049007830,2010,1
39049007921,9085,1
39049007922,4345,1
39049007931,4565,1
39049007933,8165,1
39049007941,2685,1
39049007951,9350,1
39049007952,7300,1
39049007953,6215,1
39049007954,7230,1
39049008000,5330,1
39049008110,3845,1
39049008120,3270,1
39049008132,6750,1
39049008141,8235,1
39049008142,6535,1
39049008161,7620,1
39049008162,8380,1
39049008163,3100,1
39049008164,3620,1
39049008210,1895,1
39049008230,1315,1
39049008241,2095,1
39049008242,5380,1
39049008311,4290,1
39049008312,4270,1
39049008321,2495,1
39049008322,4015,1
39049008330,1635,1
39049008340,6000,1
39049008350,6535,1
39049008360,6335,1
39049008370,7700,1
39049008380,5590,1
39049008400,3055,1
39049008500,4670,1
39049008710,2850,1
39049008720,2650,1
39049008730,2000,1
39049008811,1925,1
39049008812,3005,1
39049008813,2560,7
39049008821,2585,1
39049008822,4580,1
39049008825,6765,7
39049008900,5255,9
39049009000,3075,9
39049009100,4705,9
39049009210,4140,9
39049009220,1855,9
39049009230,4460,9
39049009240,1950,9
39049009250,1825,9
39049009311,2895,9
39049009312,2770,9
39049009321,2085,9
39049009322,3565,9
39049009323,2780,9
39049009325,3545,7
39049009326,1280,7
39049009331,915,9
39049009332,3025,7
39049009333,2180,9
39049009334,2805,7
39049009336,2785,7
39049009337,3855,7
39049009340,2945,9
39049009350,2145,9
39049009361,5550,9
39049009362,6755,9
39049009371,5550,9
39049009372,4195,9
39049009373,6320,7
39049009374,8285,9
39049009381,5780,9
39049009382,2780,9
39049009383,2515,9
39049009384,2140,9
39049009385,3385,9
39049009386,2780,9
39049009390,5700,9
39049009410,2780,7
39049009420,5680,7
39049009430,8005,7
39049009440,4530,7
39049009450,9485,7
39049009495,4495,7
39049009497,1675,7
39049009520,4325,7
39049009590,5340,7
39049009600,4125,1
39049009711,4480,1
39049009712,2695,1
39049009720,6440,1
39049009740,14690,1
39049009751,5610,1
39049009752,6165,1
39049009800,6885,1
39049009900,1300,1
39049010000,5190,9
39049010100,850,9
39049010200,16635,9
39049010300,2950,7
39049010400,7130,3
39049010500,7805,2
39049010601,5105,1
39049010602,6375,1
39049010700,1425,1
39049980000,0,9
39051040100,3265,4
39051040200,4685,4
39051040300,4475,4
39051040400,3895,4
39051040500,4980,4
39051040600,4355,4
39051040700,7450,4
39051040800,4715,4
39051040900,4355,4
39053953500,4645,10
39053953600,4255,10
39053953700,4295,8
39053953800,3855,8
39053953900,6995,8
39053954000,3965,8
39053954100,2375,8
39055310100,2275,13
39055310200,1990,14
39055310600,6465,14
39055310700,3750,14
39055310800,6585,14
39055310900,3180,14
39055311000,3675,14
39055311300,4440,15
39055311400,5555,14
39055311500,5260,14
39055311600,3825,15
39055311700,4325,15
39055311800,7030,15
39055311900,6385,15
39055312000,2800,15
39055312100,4150,15
39055312201,5325,14
39055312202,4315,14
39055312203,4660,14
39055312300,4690,15
39055312400,2475,14
39057200101,2725,2
39057200103,3555,2
39057200104,5515,2
39057200300,3675,2
39057200400,2070,2
39057200500,5610,2
39057200600,3405,2
39057200700,3950,2
39057200900,5705,2
39057210100,4550,2
39057210200,8015,7
39057210300,3485,7
39057210401,4800,7
39057210402,5090,7
39057210500,5555,7
39057210601,8050,7
39057210602,5300,7
39057210603,6200,7
39057220100,7795,7
39057220200,7670,7
39057230100,2650,7
39057240100,3135,7
39057240200,4775,7
39057240301,8720,7
39057240302,3470,7
39057240500,4635,7
39057240600,5335,7
39057240700,1985,7
39057255000,3525,2
39057260100,6370,7
39057270100,3785,7
39057280101,2610,7
39057280102,2225,7
39057280200,1435,2
39057280300,2625,2
39059977100,4495,10
39059977200,5240,10
39059977300,3465,10
39059977400,3830,10
39059977500,3075,10
39059977600,3315,10
39059977700,3635,10
39059977800,3480,10
39059977900,4515,10
39059978000,4460,10
39061000200,915,8
39061000700,1615,8
39061000900,1525,8
39061001000,1520,8
39061001100,1025,8
39061001600,955,6
39061001700,990,6
39061001800,1580,6
39061001900,1610,8
39061002000,1655,8
39061002200,2155,6
39061002300,1075,6
39061002500,2470,6
39061002600,3600,6
39061002700,1680,6
39061002800,1575,6
39061002900,4260,6
39061003000,4450,6
39061003200,1255,6
39061003300,1410,6
39061003600,1305,6
39061003700,1780,8
39061003800,2260,6
39061003900,1820,6
39061004000,2245,6
39061004100,1630,8
39061004200,1845,8
39061004500,1085,8
39061004602,4670,8
39061004603,2870,8
39061004604,3485,8
39061004605,2510,8
39061004701,2810,8
39061004702,820,8
39061004800,3195,8
39061004900,6305,8
39061005000,4755,8
39061005100,2510,8
39061005200,3490,8
39061005301,2790,8
39061005302,2975,8
39061005400,950,8
39061005500,3755,8
39061005600,5705,8
39061005701,3105,6
39061005702,4565,6
39061005800,5075,6
39061005900,1280,6
39061006000,5505,6
39061006100,2405,6
39061006300,3590,6
39061006400,3080,6
39061006500,5180,6
39061006600,2380,6
39061006800,3360,6
39061006900,2545,6
39061007000,2370,6
39061007100,3250,6
39061007200,1770,6
39061007300,1965,6
39061007400,1600,6
39061007500,1865,6
39061007700,2700,6
39061007800,2360,6
39061007900,1675,6
39061008000,4725,6
39061008100,2575,6
39061008201,3950,6
39061008202,3445,6
39061008300,4035,6
39061008400,2105,6
39061008501,3215,6
39061008502,1665,6
39061008601,2405,6
39061008800,3380,6
39061009200,3280,6
39061009300,2700,6
39061009400,1680,6
39061009500,2320,6
39061009600,3690,6
39061009700,5905,6
39061009800,2250,6
39061009901,4255,6
39061009902,3330,6
39061010002,5145,6
39061010003,4640,6
39061010004,4730,6
39061010005,1695,6
39061010100,4755,6
39061010201,5275,6
39061010202,2585,6
39061010300,1535,6
39061010400,1120,6
39061010500,1365,6
39061010600,1400,6
39061010700,1665,6
39061010800,695,8
39061010900,2605,6
39061011000,3220,6
39061011100,3205,6
39061020401,5040,6
39061020403,5590,6
39061020404,5165,6
39061020501,2385,6
39061020502,4915,6
39061020504,3590,6
39061020505,4715,6
39061020601,6235,6
39061020602,7100,6
39061020701,7200,6
39061020705,3405,6
39061020707,4910,6
39061020741,3305,6
39061020742,4250,6
39061020761,5885,6
39061020762,3085,6
39061020802,5765,6
39061020811,6355,6
39061020812,4105,6
39061020901,3540,6
39061020902,5305,6
39061021001,2880,6
39061021002,3585,6
39061021003,3050,6
39061021101,4910,6
39061021102,6370,6
39061021201,2010,6
39061021202,5135,6
39061021302,5975,6
39061021303,4680,6
39061021304,5185,6
39061021401,5070,6
39061021421,4470,6
39061021422,2910,6
39061021501,4245,6
39061021504,5695,6
39061021505,2780,6
39061021506,3165,6
39061021508,5485,6
39061021509,6825,6
39061021571,3575,6
39061021572,5935,6
39061021602,3090,6
39061021603,3360,6
39061021604,3515,6
39061021701,2795,6
39061021702,4120,6
39061021801,6025,6
39061021802,3245,6
39061021900,1435,6
39061022000,3760,6
39061022101,3960,6
39061022102,6310,6
39061022200,4380,6
39061022301,4955,6
39061022302,5070,6
39061022400,2120,6
39061022500,3845,6
39061022601,5855,6
39061022602,2580,6
39061022700,3365,6
39061023001,4060,6
39061023002,4990,6
39061023100,2740,6
39061023201,2865,6
39061023210,5165,6
39061023222,2770,6
39061023300,3780,6
39061023400,3525,6
39061023501,3880,6
39061023521,2445,6
39061023522,5785,6
39061023600,3945,6
39061023701,2890,6
39061023702,2785,6
39061023800,5030,6
39061023901,4075,6
39061023902,4680,6
39061024001,4945,6
39061024002,2580,6
39061024100,6685,8
39061024200,2550,8
39061024301,3405,5
39061024303,6735,8
39061024321,7245,8
39061024322,7865,8
39061024400,7630,8
39061024700,1615,8
39061024800,3410,8
39061024901,1035,8
39061024902,7670,8
39061025001,6175,8
39061025002,6525,8
39061025101,5125,8
39061025102,7305,8
39061025103,6805,8
39061025104,2015,8
39061025200,3870,6
39061025300,2785,8
39061025401,1865,8
39061025402,2690,8
39061025500,4495,6
39061025600,3220,6
39061025700,1910,6
39061025800,4325,6
39061026001,5155,5
39061026002,4935,6
39061026101,7725,5
39061026102,3085,6
39061026200,1545,6
39061026300,975,6
39061026400,2325,8
39061026500,2360,8
39061026600,1475,8
39061026700,1625,6
39061026800,1590,8
39061026900,1820,6
39061027000,3610,6
39061027100,3845,6
39061027200,2375,6
39061027300,2555,8
39061027400,4020,6
39063000100,4080,3
39063000200,5665,3
39063000300,8400,3
39063000400,7405,3
39063000500,5050,3
39063000600,6645,3
39063000700,5540,3
39063000800,3565,3
39063000900,6375,3
39063001000,6425,3
39063001100,4035,3
39063001200,5875,3
39063001300,5170,3
39065000100,3325,3
39065000200,4620,3
39065000300,3735,3
39065000400,6490,3
39065000500,3945,3
39065000600,3975,3
39065000700,5365,3
39067975600,4060,10
39067975700,3615,10
39067975800,2320,10
39067975900,2120,10
39067976000,3490,10
39069000100,4700,4
39069000200,3745,4
39069000300,4965,4
39069000400,3505,4
39069000500,3195,4
39069000600,3590,4
39069000700,4115,4
39071954400,3905,7
39071954500,4210,7
39071954600,5490,7
39071954700,6110,8
39071954800,4340,8
39071954900,3790,8
39071955000,4135,8
39071955100,6250,8
39071955200,4725,8
39073964900,4250,10
39073965000,3085,7
39073965100,4775,10
39073965200,4460,10
39073965300,3535,10
39073965400,4310,10
39073965500,4295,10
39075976301,4535,10
39075976302,6230,10
39075976400,9360,10
39075976500,5290,16
39075976600,4650,16
39075976700,3930,10
39075976801,5050,10
39075976802,4250,10
39077915400,4810,16
39077915500,5820,16
39077915600,4700,16
39077915700,4225,16
39077915800,4620,16
39077915900,4250,3
39077916000,3885,3
39077916100,3535,3
39077916200,4700,3
39077916300,3225,3
39077916400,5310,16
39077916500,4745,16
39077916600,3995,16
39079957200,5340,8
39079957300,3435,8
39079957400,5200,8
39079957500,5565,8
39079957600,2710,8
39079957700,4870,8
39079957800,5525,8
39081000200,3040,10
39081000400,3245,10
39081000600,2210,10
39081000800,920,10
39081001000,2595,10
39081001200,5230,10
39081001300,1305,10
39081001400,3675,10
39081001700,1870,10
39081011000,1580,11
39081011100,3190,10
39081011200,2045,10
39081011300,2570,10
39081011401,4185,10
39081011402,3880,10
39081011500,4980,10
39081011700,4230,10
39081011800,3375,10
39081011900,3545,10
39081012000,3035,10
39081012100,2855,10
39081012200,1950,10
39081012300,2260,10
39083006700,5235,16
39083006801,5565,16
39083006802,4260,16
39083006900,6230,16
39083007000,2835,16
39083007100,3815,16
39083007200,4935,16
39083007300,6405,16
39083007400,5800,10
39083007500,4340,16
39083007600,4855,16
39083007700,6330,10
39085200100,1695,13
39085200200,2515,13
39085200300,3130,13
39085200400,3320,13
39085200500,3135,13
39085200600,3425,13
39085200700,3885,14
39085200800,3320,14
39085200900,1815,13
39085201000,4620,14
39085201100,3915,14
39085201200,3580,14
39085201300,3495,14
39085201400,3625,14
39085201500,1940,13
39085201600,3700,13
39085201700,5805,13
39085201800,3685,13
39085201900,2745,13
39085202000,6025,13
39085202100,2170,13
39085202400,2990,13
39085202500,4375,13
39085202600,3640,13
39085202700,6110,13
39085202800,6000,13
39085202900,6790,13
39085203000,6670,13
39085203200,3445,14
39085203400,4245,14
39085203500,6785,13
39085203700,3215,14
39085204000,3100,13
39085204200,3555,13
39085204301,1865,13
39085204302,6245,13
39085204400,2905,13
39085204500,3010,13
39085204700,4355,13
39085204800,5110,13
39085204900,5940,13
39085205001,5910,14
39085205002,5695,13
39085205100,6360,14
39085205200,3115,13
39085205300,2480,13
39085205400,1610,13
39085205701,4705,13
39085205702,2960,13
39085205800,1445,13
39085205900,950,13
39085206000,5525,13
39085206100,3155,13
39085206200,1530,13
39085206300,4690,13
39085206400,4630,14
39085206500,2795,13
39085206600,4615,13
39085990000,0,13
39087050100,2475,8
39087050200,2465,8
39087050300,2285,8
39087050400,3185,8
39087050500,6640,8
39087050600,1325,8
39087050700,3605,8
39087050800,3840,8
39087050900,2260,8
39087051001,4365,8
39087051002,4780,8
39087051100,6735,8
39087051200,5500,8
39087051300,3505,8
39087051401,5445,8
39087051402,3340,8
39089750700,3535,9
39089751000,2240,9
39089751300,3730,9
39089751600,3475,9
39089751900,4240,9
39089752200,4590,9
39089752500,4085,9
39089752800,7110,9
39089753100,5125,9
39089753300,7625,9
39089753600,1925,9
39089753900,4765,9
39089754101,7205,9
39089754102,2350,9
39089754400,6390,10
39089754700,6360,9
39089755000,6535,9
39089755300,7080,9
39089755600,5255,9
39089755900,6805,9
39089756201,2450,9
39089756202,7860,9
39089756500,4155,9
39089756800,7810,9
39089757100,4195,9
39089757400,6330,9
39089757700,7400,9
39089758300,2790,9
39089758600,7325,10
39089758900,6355,10
39089759000,3030,9
39089759100,7195,9
39091003800,3990,2
39091003900,4745,2
39091004000,2570,2
39091004100,2865,2
39091004200,1550,2
39091004300,6320,2
39091004400,4740,2
39091004500,4335,2
39091004600,4960,2
39091004700,5210,2
39091004800,3970,2
39093010200,4040,13
39093010300,5190,13
39093010400,2835,13
39093013100,10240,16
39093013200,11515,16
39093021100,3205,13
39093021200,5845,13
39093022100,1895,13
39093022200,2530,13
39093022400,3960,13
39093022500,1455,13
39093022601,2275,13
39093022800,4030,13
39093023000,5655,13
39093023100,3550,16
39093023200,3055,13
39093023300,2490,13
39093023400,1960,13
39093023500,1985,13
39093023600,2680,16
39093023700,6020,16
39093023800,1625,16
39093023900,1675,16
39093024000,1905,16
39093024100,3080,13
39093024200,4230,13
39093028100,3920,16
39093030100,6355,13
39093050100,3285,16
39093050200,3585,13
39093050300,7670,13
39093050400,2525,16
39093057100,3715,16
39093060100,3765,16
39093060200,4860,16
39093070101,3500,16
39093070102,5745,16
39093070200,1810,16
39093070300,2975,16
39093070400,4735,16
39093070500,3130,16
39093070600,4370,16
39093070700,2620,16
39093070800,880,16
39093070901,1920,16
39093070902,3555,16
39093071000,1715,16
39093071100,4390,16
39093071201,4840,16
39093071202,4420,16
39093071300,4735,16
39093071400,3180,16
39093071500,2080,16
39093077100,3445,16
39093080101,2220,16
39093080103,4295,16
39093080104,3670,16
39093080500,6145,16
39093080600,5565,16
39093080700,8885,16
39093090100,3465,16
39093090200,3550,16
39093091100,3495,16
39093091200,3880,16
39093092100,2575,16
39093093100,3140,16
39093094100,7955,16
39093095100,7830,16
39093096100,6210,16
39093097100,3020,16
39093097200,7880,13
39093097300,2880,13
39093097400,10645,13
39093990200,0,13
39095000200,4400,13
39095000300,3980,13
39095000400,3150,13
39095000600,4860,13
39095000700,4960,13
39095000800,1120,13
39095000900,2535,13
39095001000,3890,4
39095001100,2725,4
39095001201,2425,4
39095001202,3125,4
39095001301,2450,4
39095001302,1825,4
39095001303,2805,4
39095001400,1520,4
39095001500,1355,13
39095001600,2845,13
39095001700,1335,4
39095001800,2605,4
39095001900,1450,4
39095002000,1660,4
39095002100,2740,4
39095002200,1675,4
39095002300,1590,4
39095002401,3415,4
39095002402,1490,4
39095002500,1870,4
39095002600,1065,4
39095002700,1045,4
39095002800,1480,4
39095002900,1555,4
39095003000,1845,4
39095003100,970,4
39095003200,1355,4
39095003300,1595,4
39095003400,910,4
39095003500,1410,4
39095003600,1195,4
39095003700,1185,4
39095003900,5060,4
39095004000,1900,4
39095004200,1415,4
39095004400,3970,4
39095004501,2830,4
39095004503,2635,4
39095004504,3490,4
39095004600,2630,4
39095004701,2740,4
39095004702,4265,4
39095004800,2840,4
39095004900,2940,4
39095005000,2030,4
39095005100,4155,4
39095005200,3675,4
39095005300,1845,4
39095005400,2655,4
39095005501,2705,13
39095005502,3205,4
39095005503,2335,4
39095005600,5270,13
39095005701,3990,13
39095005702,4960,13
39095005703,2785,13
39095005801,3760,13
39095005802,4555,13
39095005901,2565,4
39095005902,4020,4
39095006000,2350,4
39095006100,3175,13
39095006200,2690,13
39095006300,3065,13
39095006400,2340,4
39095006500,2410,4
39095006600,2670,4
39095006700,1655,4
39095006800,4555,4
39095006900,2730,4
39095007001,4015,4
39095007002,1950,4
39095007101,4365,4
39095007102,3655,4
39095007202,3510,4
39095007203,4410,4
39095007204,4355,4
39095007205,5355,4
39095007301,5150,4
39095007302,3035,4
39095007303,4180,4
39095007400,5785,4
39095007500,3705,4
39095007600,4375,4
39095007700,3450,4
39095007800,3665,4
39095007901,2150,4
39095007902,5645,4
39095008000,3900,4
39095008100,4045,4
39095008201,4690,4
39095008202,5895,4
39095008203,7320,4
39095008301,5600,4
39095008302,1770,4
39095008400,4625,4
39095008500,3645,4
39095008600,5430,4
39095008700,8145,4
39095008800,7320,4
39095008901,5390,4
39095008902,6065,4
39095009000,12325,4
39095009101,4060,4
39095009102,5035,4
39095009201,8230,4
39095009202,7150,4
39095009300,1625,4
39095009400,2520,4
39095009500,2965,4
39095009600,3340,4
39095009700,3095,13
39095009800,3970,4
39095009900,4530,4
39095010001,4195,4
39095010002,3390,4
39095010100,4050,4
39095010200,2760,4
39095010300,2135,4
39095010400,3275,4
39095990000,0,13
39097040101,2275,2
39097040102,5000,2
39097040201,2910,2
39097040202,2670,1
39097040400,2765,1
39097040500,4395,1
39097040600,5470,1
39097040700,3185,1
39097041000,4670,1
39097041100,4640,1
39097041200,3045,7
39097041300,1990,7
39099800300,1430,12
39099800400,990,12
39099800500,2960,12
39099800600,1360,12
39099801000,1470,12
39099801100,2500,12
39099801200,1690,12
39099801300,2415,12
39099801400,2250,12
39099801500,2050,12
39099801600,3005,12
39099801700,1020,12
39099802100,865,12
39099802300,860,12
39099802400,2445,12
39099802500,1570,12
39099802600,1930,12
39099802701,3025,12
39099802702,2800,12
39099802800,2530,12
39099802900,2590,12
39099803000,1890,12
39099804000,2205,12
39099804100,1195,12
39099804200,2255,12
39099804300,905,12
39099810100,3905,12
39099810200,2320,12
39099810300,1790,12
39099810600,2985,12
39099810700,5205,12
39099810800,2280,12
39099810900,2145,12
39099811001,3910,12
39099811002,7535,12
39099811100,1150,12
39099811200,2390,12
39099811300,6640,12
39099811400,3260,12
39099811500,5480,12
39099811600,3465,12
39099811700,2610,12
39099811800,1490,12
39099811901,4240,12
39099811902,3350,12
39099812001,5295,12
39099812002,3970,12
39099812100,9400,12
39099812200,6305,12
39099812301,4015,12
39099812302,6115,12
39099812400,2835,12
39099812500,5160,12
39099812601,4030,12
39099812602,5130,12
39099812603,8500,12
39099812700,2075,12
39099812800,3650,12
39099812900,4095,12
39099813000,4500,12
39099813200,4065,12
39099813300,3165,12
39099813400,3440,12
39099813500,7340,12
39099813600,8170,12
39099813700,2860,12
39099813800,3095,12
39099813900,1670,12
39099814000,3380,12
39099814100,2555,12
39101000100,1260,3
39101000200,3345,3
39101000300,2130,3
39101000400,3830,3
39101000501,2465,3
39101000502,2450,3
39101000600,4740,3
39101000700,2680,3
39101000800,2340,3
39101000900,4155,3
39101001000,2810,3
39101001100,2295,3
39101010100,5040,3
39101010201,5055,3
39101010202,5640,3
39101010300,4875,3
39101010400,4835,3
39101010500,5500,3
39103400100,7655,15
39103402000,5235,16
39103403001,3330,16
39103403002,3145,16
39103404000,4110,15
39103405000,4530,15
39103406000,5330,15
39103407000,6500,16
39103408001,3035,16
39103408002,1840,15
39103408003,2815,15
39103408100,6915,16
39103408201,4450,16
39103408202,5270,16
39103408301,3530,16
39103408302,9975,16
39103409001,2190,16
39103409002,4515,16
39103410000,4170,16
39103411001,1835,16
39103411002,2910,16
39103412000,4330,16
39103413000,5725,16
39103415100,4160,15
39103415200,4190,15
39103415300,4185,15
39103415400,4725,16
39103415800,6810,16
39103416000,5500,15
39103416100,4895,15
39103416200,3840,16
39103416300,2635,16
39103416400,3425,15
39103417000,7865,15
39103417100,6195,15
39103417200,7270,15
39103417300,4485,15
39105964100,4405,10
39105964200,4870,10
39105964300,4610,10
39105964400,3150,10
39105964500,3125,10
39105964600,3250,10
39107967200,3690,2
39107967300,4355,2
39107967400,4750,2
39107967500,5050,2
39107967600,2995,2
39107967700,6135,2
39107967800,2035,2
39107967900,6615,2
39107968000,5030,2
39109300100,4380,2
39109315001,3810,2
39109315002,4780,2
39109315100,5810,2
39109315300,5025,2
39109320100,3650,2
39109325000,2845,5
39109330100,3425,5
39109340100,5170,5
39109345000,4790,5
39109350100,7770,5
39109355001,6140,5
39109355002,1690,2
39109365000,8645,2
39109365101,3885,2
39109365102,5010,2
39109365200,3530,2
39109365301,5730,5
39109365302,5600,5
39109380100,6520,2
39109390100,4505,2
39111966600,3240,10
39111966700,3765,10
39111966800,4130,10
39111966900,3395,10
39113000100,2760,5
39113000200,2265,5
39113000300,1905,5
39113000400,3840,5
39113000500,3830,5
39113000600,1860,5
39113000700,2205,5
39113000801,3270,5
39113000802,2185,5
39113000900,2625,5
39113001000,1120,5
39113001100,4255,5
39113001200,925,2
39113001501,3595,2
39113001600,2150,5
39113001700,785,2
39113001800,5745,2
39113001900,4390,2
39113002000,2935,2
39113002200,2685,7
39113002300,3220,2
39113002400,2340,2
39113002500,5175,2
39113002600,5295,2
39113002700,2010,7
39113002800,2140,7
39113002900,4070,7
39113003000,3040,7
39113003100,2560,7
39113003201,3015,7
39113003300,4630,7
39113003402,6375,7
39113003403,3440,7
39113003404,1835,7
39113003500,2485,5
39113003800,2905,5
39113003900,2335,5
39113004100,2070,5
39113004200,2445,5
39113004300,2160,5
39113004400,2255,5
39113004600,1630,5
39113010100,2030,7
39113010200,6890,7
39113020100,2795,7
39113020200,2920,7
39113020300,2595,7
39113020400,6355,7
39113020500,1395,7
39113020601,1770,7
39113020602,1665,7
39113020700,2950,7
39113020800,2275,7
39113020900,2355,7
39113021000,1705,7
39113021100,3020,7
39113021200,1705,7
39113021301,3000,7
39113021302,1895,7
39113021400,2665,7
39113021501,2855,7
39113021502,1610,7
39113021601,2180,7
39113021602,3410,7
39113021700,2300,7
39113021800,2005,7
39113021900,2260,7
39113030100,4190,7
39113030200,3095,5
39113040101,1775,7
39113040102,2135,7
39113040103,2565,7
39113040201,2695,7
39113040203,2355,7
39113040204,4980,7
39113040302,5335,7
39113040303,4900,7
39113040305,2890,7
39113040306,4980,7
39113040401,5125,7
39113040403,3905,7
39113040405,5245,7
39113040406,6220,7
39113050101,3730,7
39113050103,6965,7
39113050104,2345,7
39113050105,4785,7
39113050301,2730,5
39113050302,5320,7
39113050303,4095,7
39113050401,5125,7
39113050402,2090,5
39113050502,3030,5
39113050503,6510,7
39113050504,6250,5
39113050600,3730,5
39113060100,3020,5
39113060200,1705,5
39113060300,4290,5
39113070101,4635,5
39113070102,3545,5
39113070201,1420,5
39113070202,2020,5
39113070300,2655,5
39113070400,2530,5
39113070500,4160,5
39113070600,1050,5
39113070700,3375,5
39113080100,6090,5
39113080200,2690,5
39113080300,1920,5
39113080400,2920,5
39113080500,6145,5
39113080600,1565,2
39113080700,2105,2
39113090302,5830,2
39113090303,3365,2
39113090304,6920,2
39113090600,3600,2
39113090700,1330,2
39113090800,1290,7
39113090900,3390,7
39113091000,2405,7
39113091100,2790,2
39113100101,6485,2
39113100102,5715,2
39113100201,4580,2
39113100202,2285,2
39113100203,4910,2
39113100301,4120,2
39113100302,3110,2
39113100400,4805,2
39113110100,1430,5
39113110201,4565,5
39113110202,2650,2
39113115002,3705,2
39113115011,5670,5
39113115012,5445,5
39113120101,5020,5
39113120102,4690,5
39113120103,2920,5
39113125000,6255,5
39113125101,7140,5
39113125102,6150,5
39113130101,2385,5
39113130102,6475,5
39113140100,6000,5
39113150100,6275,5
39113160100,1975,5
39113165000,6385,5
39113165100,2380,5
39113165200,1680,2
39113980000,0,2
39115968800,3670,10
39115968900,4075,10
39115969000,3740,10
39115969100,3390,10
39117965000,4280,3
39117965100,4760,3
39117965200,7075,3
39117965300,5775,3
39117965400,6310,3
39117965500,6730,3
39119911000,4785,10
39119911100,5855,10
39119911200,6675,10
39119911300,6245,10
39119911400,3560,10
39119911500,4725,10
39119911600,6035,10
39119911700,3455,10
39119911800,2915,10
39119911900,3665,10
39119912000,3175,10
39119912100,3515,10
39119912200,3225,10
39119912300,4365,10
39119912400,4085,10
39119912500,4445,10
39119912600,3715,10
39119912700,5600,10
39119912800,5545,10
39121968300,3870,10
39121968400,7205,10
39121968500,3390,10
39123050100,625,13
39123050201,1905,13
39123050202,1640,13
39123050301,2685,13
39123050302,2420,13
39123050500,2950,3
39123050600,3505,3
39123050700,3435,4
39123050800,4315,4
39123050900,5630,4
39123051000,5010,4
39123051100,3765,4
39123051200,3160,3
39125960100,2810,4
39125960200,4450,4
39125960300,3985,4
39125960400,4045,4
39125960500,3695,4
39127965800,7590,10
39127965900,6575,10
39127966000,5075,10
39127966100,4305,10
39127966200,5945,10
39127966300,6470,10
39129020100,1830,7
39129020200,2670,7
39129020310,5180,7
39129020320,3475,7
39129020400,2625,7
39129021100,7945,7
39129021200,7635,7
39129021300,3500,1
39129021401,3390,1
39129021402,6605,1
39129021500,3445,7
39129021600,3220,7
39129021700,4880,7
39131952200,5815,8
39131952300,5125,8
39131952400,3255,8
39131952500,3740,8
39131952600,5725,8
39131952700,4660,8
39133600102,3510,15
39133600103,6020,15
39133600200,6010,15
39133600301,8480,15
39133600302,6705,15
39133600401,6115,15
39133600402,4845,12
39133600403,4605,15
39133600500,5645,15
39133600602,2825,12
39133600603,3590,12
39133600703,1845,12
39133600704,1660,12
39133600705,2575,12
39133600706,2905,12
39133600800,3215,12
39133600901,3935,12
39133600902,5605,12
39133601000,2505,12
39133601100,5465,12
39133601200,4315,12
39133601300,7865,12
39133601400,5010,12
39133601501,2220,12
39133601502,5095,12
39133601503,3890,12
39133601600,3840,12
39133601701,5475,12
39133601702,6205,12
39133601801,3855,12
39133601802,4265,12
39133601901,2710,12
39133601902,2800,12
39133602000,5265,12
39133602100,7085,11
39135400100,3230,5
39135410100,2200,5
39135420100,4520,5
39135430100,2755,5
39135440100,3785,5
39135450100,2100,5
39135455001,2290,5
39135455002,5570,5
39135460100,2910,5
39135470101,3500,5
39135470102,4230,5
39135480100,4355,5
39137030100,4380,4
39137030200,5875,4
39137030300,7705,4
39137030400,3275,3
39137030500,3730,3
39137030600,4165,4
39137030700,4855,4
39139000400,2385,16
39139000500,3555,16
39139000600,3235,3
39139000700,2780,3
39139000800,2640,16
39139000900,4335,16
39139001000,5015,16
39139001100,2915,16
39139001200,3995,3
39139001300,3265,3
39139001400,2150,3
39139001500,1905,3
39139001600,2235,3
39139001700,5240,16
39139001800,3365,16
39139001900,6110,16
39139002000,5645,16
39139002101,5390,16
39139002102,4385,16
39139002200,6875,3
39139002300,6220,3
39139002400,5290,3
39139002500,4390,3
39139002600,4565,3
39139002700,4595,3
39139002800,4010,3
39139002900,4275,16
39139003001,5275,16
39139003002,3510,16
39139003100,2020,16
39141955500,6390,7
39141955601,2240,7
39141955602,5240,7
39141955603,4110,7
39141955700,5820,7
39141955800,7060,7
39141955900,4050,7
39141956000,5450,7
39141956100,3885,7
39141956200,2305,7
39141956300,2905,7
39141956400,3340,7
39141956500,4030,7
39141956600,5025,7
39141956700,4260,8
39141956800,5870,8
39141956900,5010,7
39143960800,3540,3
39143960900,3345,4
39143961000,4125,4
39143961100,4085,4
39143961200,3965,3
39143961300,4130,3
39143961400,3200,3
39143961500,4105,3
39143961600,3390,3
39143961700,2945,3
39143961800,3995,3
39143961900,3845,3
39143962000,6020,3
39143962100,4785,3
39143962200,4360,3
39145002100,4745,8
39145002200,5390,8
39145002300,5110,8
39145002400,5925,8
39145002500,2695,8
39145002600,4050,8
39145002700,5085,8
39145002800,4745,8
39145002900,5850,8
39145003000,3645,8
39145003100,3510,8
39145003200,1745,8
39145003300,2565,8
39145003400,3440,8
39145003500,2390,8
39145003600,2315,8
39145003700,3165,8
39145003800,4480,8
39145003900,2995,8
39145004000,3705,8
39147962500,3780,3
39147962600,4095,3
39147962700,3450,3
39147962800,3840,3
39147962900,3595,3
39147963000,3710,3
39147963100,4490,3
39147963200,4030,3
39147963300,3795,3
39147963400,4235,3
39147963500,3475,3
39147963600,4475,3
39147963700,4720,3
39147963800,3810,3
39149971400,4300,2
39149971500,5380,2
39149971600,4760,2
39149971700,4295,2
39149971800,5385,2
39149971900,4520,2
39149972000,3560,2
39149972100,5535,2
39149972200,5395,2
39149972300,5495,2
39151700100,1035,11
39151700200,5745,11
39151700300,2770,11
39151700400,4915,11
39151700500,2840,11
39151700600,2780,11
39151700700,6770,11
39151700800,3940,11
39151701000,3065,11
39151701100,3280,11
39151701200,3325,11
39151701300,4460,11
39151701500,2795,11
39151701700,2800,11
39151701800,2470,11
39151702100,3485,11
39151702300,3385,11
39151702500,3245,11
39151710200,4935,12
39151710300,3265,12
39151710400,915,12
39151710500,4320,12
39151710600,4730,12
39151710700,3600,12
39151710800,5320,12
39151710900,4315,12
39151711000,7630,11
39151711111,4725,11
39151711112,5100,11
39151711121,6460,11
39151711122,5865,11
39151711202,4060,11
39151711211,6985,11
39151711212,2610,11
39151711311,8090,11
39151711312,6920,11
39151711321,3715,11
39151711322,3065,11
39151711402,6570,11
39151711411,3645,11
39151711412,4295,11
39151711501,3880,11
39151711502,3190,11
39151711600,6155,11
39151711700,5400,11
39151711800,5090,11
39151711900,4605,11
39151712000,4270,11
39151712102,7270,11
39151712111,5925,11
39151712112,1730,11
39151712201,6450,11
39151712202,5750,11
39151712300,6295,11
39151712400,6975,11
39151712500,2040,11
39151712601,2320,11
39151712602,4630,11
39151712700,5465,11
39151712800,4810,11
39151712900,4085,11
39151713000,3790,11
39151713100,5770,11
39151713201,7005,11
39151713202,2025,11
39151713300,4430,11
39151713401,5550,11
39151713402,4275,11
39151713501,5330,11
39151713502,5435,11
39151713600,2545,11
39151713700,2235,11
39151713900,2055,11
39151714000,4330,11
39151714100,3490,11
39151714200,2780,11
39151714302,4130,11
39151714400,3635,11
39151714600,4295,11
39151714701,5740,11
39151714702,2655,11
39151714801,6495,11
39151714802,2845,11
39151714901,3935,11
39151714902,3670,11
39151715000,2780,11
39153501100,1595,11
39153501700,1385,11
39153501800,955,11
39153501900,2410,11
39153502101,2270,11
39153502102,3720,12
39153502200,5240,11
39153502300,5330,11
39153502500,965,11
39153502600,2835,11
39153502700,6905,12
39153502800,4700,11
39153503100,1885,11
39153503200,1740,11
39153503300,5260,11
39153503400,1510,11
39153503500,3355,11
39153503600,3840,11
39153503701,5580,11
39153503702,5720,11
39153503800,4070,11
39153504100,1255,11
39153504200,2160,11
39153504400,1485,11
39153504500,2090,11
39153504600,3320,11
39153504700,4615,11
39153504800,4815,11
39153505200,1310,11
39153505300,1455,11
39153505400,3415,11
39153505500,2830,11
39153505600,1235,11
39153505700,2555,11
39153505800,5080,11
39153505900,2415,11
39153506100,5505,15
39153506200,4005,15
39153506400,3035,15
39153506500,2710,15
39153506600,2780,11
39153506700,1385,11
39153506800,2220,11
39153507101,4150,15
39153507102,2805,15
39153507201,2510,15
39153507202,3425,15
39153507203,4375,15
39153507300,3005,15
39153507400,1035,11
39153507500,5750,11
39153507600,3980,11
39153508000,4375,15
39153508301,2165,11
39153508399,4690,11
39153508600,2775,15
39153508800,5960,15
39153508900,3720,11
39153509000,1815,11
39153510100,2855,11
39153510200,4130,11
39153510301,4925,11
39153510302,6090,11
39153510400,3670,11
39153510500,4465,15
39153520103,1715,12
39153520104,4645,12
39153520105,4140,12
39153520106,2355,12
39153520201,2805,15
39153520202,4370,12
39153520301,3320,15
39153520302,3255,15
39153520400,4725,12
39153520500,4545,12
39153520600,3540,12
39153530101,5610,15
39153530103,4335,15
39153530104,7275,15
39153530105,2215,15
39153530108,4275,15
39153530401,3615,12
39153530402,3450,12
39153530501,5225,12
39153530502,3250,12
39153530603,4505,15
39153530604,3360,12
39153530605,4960,12
39153530606,5625,12
39153530700,2515,12
39153530800,6400,12
39153530901,4600,12
39153530902,5900,12
39153530903,5065,12
39153531001,3465,12
39153531002,5875,11
39153531101,3170,11
39153531102,4415,11
39153531103,3130,11
39153531401,7155,11
39153531405,4430,11
39153531500,8465,11
39153531601,4345,11
39153531602,2930,11
39153531701,3710,11
39153531702,4565,11
39153531801,5390,11
39153531802,4560,11
39153532001,3520,15
39153532003,4315,15
39153532004,4120,15
39153532202,6295,15
39153532301,5695,15
39153532302,5530,15
39153532501,3245,15
39153532502,2945,15
39153532600,2965,15
39153532701,7380,15
39153532702,3595,15
39153532703,5790,15
39153532705,7345,15
39153532706,3500,15
39153532708,5165,15
39153532901,1435,15
39153532902,8310,15
39153532999,5575,11
39153533000,1570,11
39153533101,4750,15
39153533102,2640,15
39153533200,5315,15
39153533400,5830,15
39153533501,7385,15
39153533502,3945,15
39153534000,6425,15
39153534100,2725,15
39155920300,2885,12
39155920400,2515,12
39155920500,975,12
39155920600,3755,12
39155920700,4515,12
39155920800,2240,12
39155920900,3395,12
39155921000,5365,12
39155921100,4120,12
39155921200,2025,14
39155921300,2345,14
39155921400,3255,12
39155921500,4875,12
39155921600,4020,12
39155930101,3150,14
39155930102,2490,12
39155930200,2600,14
39155930300,3715,14
39155930400,4110,14
39155930500,6025,14
39155930600,3640,14
39155930700,4190,14
39155930800,4790,14
39155930900,6940,14
39155931000,5790,14
39155931100,2510,12
39155931200,3890,12
39155931300,4245,12
39155931400,4420,12
39155931500,3725,12
39155931601,4340,12
39155931602,3155,12
39155931700,2010,12
39155931900,6060,12
39155932000,5855,12
39155932200,2665,12
39155932300,5605,12
39155932500,3185,12
39155932600,3265,12
39155932701,6045,12
39155932702,2335,12
39155932801,2930,12
39155932802,3740,12
39155932900,2400,12
39155933001,5750,12
39155933002,4235,12
39155933100,2525,12
39155933301,2745,12
39155933302,4490,12
39155933400,3295,12
39155933500,3740,12
39155933600,4960,12
39155933700,2795,12
39155933800,2695,12
39155933900,2075,12
39157020100,5360,11
39157020200,3770,11
39157020300,3520,11
39157020400,5640,11
39157020500,5080,11
39157020600,5135,11
39157020700,6310,11
39157020800,5855,10
39157020900,4240,11
39157021000,4870,11
39157021100,2400,10
39157021200,2780,10
39157021300,4760,10
39157021400,2300,10
39157021500,7475,10
39157021600,4635,10
39157021700,5485,10
39157021800,2825,10
39157021900,2635,10
39157022001,3360,10
39157022002,3410,10
39159050100,3665,3
39159050200,5090,2
39159050301,3590,2
39159050303,6610,2
39159050304,2425,2
39159050400,9595,2
39159050500,5195,2
39159050601,4755,2
39159050602,3755,2
39159050700,8090,2
39161020100,3695,2
39161020200,4480,2
39161020300,2720,2
39161020400,3115,2
39161020500,3290,4
39161020600,1810,2
39161020700,1690,2
39161020800,4365,2
39161020900,3340,2
39163953000,5130,7
39163953100,4975,7
39163953200,3125,10
39165030101,4410,5
39165030102,3915,5
39165030200,1240,5
39165030501,3850,5
39165030503,5320,5
39165030504,4675,5
39165030600,3815,5
39165030700,6885,5
39165030800,6475,5
39165030900,13475,7
39165031000,8445,7
39165031100,3970,7
39165031200,7940,7
39165031300,5075,5
39165031400,4660,5
39165031500,4905,5
39165031600,8000,5
39165031700,4495,5
39165031902,9915,5
39165031903,15600,5
39165031904,6185,5
39165032003,6715,7
39165032004,5865,5
39165032005,9480,5
39165032006,3455,5
39165032007,5900,7
39165032100,6155,7
39165032201,19880,7
39165032202,5405,7
39165032300,4555,7
39165032400,4900,8
39165032501,3600,5
39165032502,4195,5
39167020101,3795,10
39167020102,2175,10
39167020200,6815,10
39167020300,3600,10
39167020400,2325,10
39167020500,2530,10
39167020800,3935,10
39167020900,2315,10
39167021000,3740,10
39167021100,4000,10
39167021200,5825,10
39167021300,4920,10
39167021400,3935,10
39167021500,1450,10
39167021600,3700,10
39167021700,5885,10
39169000100,3860,16
39169000200,2945,16
39169000300,2670,15
39169000500,3960,11
39169000600,5450,16
39169000700,6955,16
39169000800,6820,15
39169000900,3890,11
39169001000,2935,11
39169001100,1410,11
39169001200,1255,11
39169001300,4030,11
39169001400,2965,11
39169001700,7550,11
39169001800,3890,11
39169001900,3080,16
39169002000,3090,16
39169002100,2910,16
39169002200,3995,16
39169002300,2825,16
39169002400,3765,15
39169002500,2660,15
39169002901,3525,11
39169002902,5195,11
39169003000,2120,11
39169003100,2250,11
39169003200,3475,11
39169003300,3140,11
39169003400,3345,15
39169003500,3475,15
39169003700,3720,11
39169980000,990,15
39171950100,4865,4
39171950200,3930,4
39171950300,4385,4
39171950400,4755,4
39171950500,4040,4
39171950600,4465,4
39171950700,4405,4
39171950800,3450,4
39171950900,2870,4
39173020100,5290,4
39173020200,3010,4
39173020300,4645,4
39173020401,5415,4
39173020402,5475,4
39173020500,2190,4
39173020601,4055,4
39173020602,6555,4
39173020700,6890,4
39173020800,4145,4
39173020900,6985,4
39173021000,3935,4
39173021100,3910,4
39173021200,5895,4
39173021300,3695,4
39173021400,3275,4
39173021500,2480,4
39173021600,6920,4
39173021701,3420,4
39173021702,4450,4
39173021800,5510,4
39173021901,3805,4
39173021902,5515,4
39173022100,4310,4
39173022200,2700,3
39173022300,3980,4
39173022400,3565,4
39173022500,4545,4
39175938000,4115,3
39175938100,4390,3
39175938200,3885,3
39175938300,3760,3
39175938400,3030,3
39175938500,3145,3