"Geography","Population","district"
"39001770100",4864,7
"39001770200",4815,7
"39001770300",6964,7
"39001770400",4948,7
"39001770500",3442,7
"39001770600",3517,7
"39003010100",4405,1
"39003010200",4110,1
"39003010300",1676,1
"39003010600",5138,1
"39003010800",7994,1
"39003010900",4515,1
"39003011000",5445,1
"39003011200",4218,1
"39003011300",7559,1
"39003011400",3056,1
"39003011500",2783,1
"39003011600",2693,1
"39003011800",2346,1
"39003011900",3208,1
"39003012000",2410,1
"39003012100",3455,1
"39003012200",3291,1
"39003012300",4052,1
"39003012400",2710,1
"39003012600",1834,1
"39003012700",1648,1
"39003012900",1741,1
"39003013000",3993,1
"39003013100",2313,1
"39003013200",1774,1
"39003013300",1290,1
"39003013400",2549,1
"39003013600",1375,1
"39003013700",1156,1
"39003013800",2728,1
"39003013900",3406,1
"39003014000",3309,1
"39003014100",2151,1
"39005970100",8353,16
"39005970200",5845,16
"39005970300",3895,16
"39005970400",3837,16
"39005970500",3083,16
"39005970600",5371,9
"39005970700",5288,9
"39005970800",4071,16
"39005970900",4943,16
"39005971000",4779,9
"39005971100",3674,9
"39007000101",4554,13
"39007000102",3483,13
"39007000103",3721,13
"39007000200",4688,13
"39007000300",2214,13
"39007000400",1794,13
"39007000500",4265,13
"39007000601",2746,13
"39007000602",3428,13
"39007000603",4101,13
"39007000701",3292,13
"39007000702",2971,13
"39007000703",3873,13
"39007000704",4041,13
"39007000801",1736,13
"39007000802",5187,13
"39007000900",4780,13
"39007001001",5564,13
"39007001002",3465,13
"39007001101",1973,13
"39007001102",6060,13
"39007001200",7482,13
"39007001301",3927,13
"39007001302",3896,13
"39007001400",8256,13
"39007990000",0,NA
"39009972600",4483,6
"39009972700",3981,7
"39009972800",4500,7
"39009972900",5391,7
"39009973000",3614,7
"39009973101",4527,7
"39009973200",4830,7
"39009973300",3721,7
"39009973400",3347,7
"39009973500",3428,7
"39009973600",3972,7
"39009973700",4140,7
"39009973800",4867,7
"39009973901",6462,7
"39009973902",3494,7
"39011040100",4025,1
"39011040200",4142,1
"39011040300",3645,1
"39011040400",6712,1
"39011040500",5021,1
"39011040600",3851,1
"39011040900",3748,1
"39011041000",3649,1
"39011041100",3992,1
"39011041201",1893,1
"39011041202",5271,1
"39013010100",4264,11
"39013010200",3905,11
"39013010300",3425,11
"39013010600",3712,11
"39013010700",2695,11
"39013010802",2323,11
"39013010900",6798,11
"39013011000",5009,11
"39013011200",3491,11
"39013011300",4019,11
"39013011400",4499,11
"39013011500",1640,11
"39013011600",1250,11
"39013011700",1406,11
"39013011900",3071,11
"39013012000",2643,11
"39013012100",1277,11
"39013012200",6288,11
"39013012300",4104,11
"39013012400",4581,11
"39015951201",4427,3
"39015951202",5041,3
"39015951300",7777,3
"39015951400",4393,3
"39015951500",5423,7
"39015951600",3699,7
"39015951700",2673,3
"39015951800",5270,3
"39015951900",6143,3
"39017000100",4639,3
"39017000200",4226,2
"39017000300",3349,2
"39017000400",4944,3
"39017000500",4575,3
"39017000600",5017,3
"39017001001",5464,2
"39017001002",5087,2
"39017001100",4550,2
"39017001300",4256,2
"39017010101",6819,1
"39017010102",2749,1
"39017010103",5308,1
"39017010104",5265,1
"39017010201",1950,1
"39017010202",4194,1
"39017010203",5515,2
"39017010301",4449,2
"39017010302",3550,2
"39017010500",2377,3
"39017010600",3427,2
"39017010800",6568,2
"39017010901",4349,3
"39017010903",5328,3
"39017010904",3604,3
"39017010906",7155,3
"39017010907",2611,3
"39017010908",5300,3
"39017010909",4716,3
"39017010910",4780,3
"39017010911",4226,3
"39017011002",12210,3
"39017011003",6422,3
"39017011004",6001,3
"39017011109",4389,3
"39017011110",5250,3
"39017011111",6730,3
"39017011112",5537,3
"39017011116",8529,3
"39017011117",11039,3
"39017011118",3014,3
"39017011120",7393,3
"39017011121",7593,3
"39017011122",5068,3
"39017011123",5075,3
"39017011125",3623,3
"39017011126",4811,3
"39017011127",4600,3
"39017011128",3138,3
"39017011129",4246,3
"39017011130",5167,3
"39017011131",3122,3
"39017011200",7802,3
"39017011300",5044,3
"39017011800",5845,2
"39017012100",3245,2
"39017012200",3226,2
"39017012300",2028,2
"39017012400",2322,2
"39017012500",4812,3
"39017012600",2467,3
"39017012700",2983,3
"39017013000",1715,2
"39017013100",2105,3
"39017013200",3327,3
"39017013300",2134,3
"39017013400",2180,3
"39017013500",2876,3
"39017013600",5064,3
"39017013900",2832,3
"39017014000",2687,2
"39017014100",2276,3
"39017014300",4574,2
"39017014400",1882,2
"39017014600",1037,3
"39017014700",4202,3
"39017014800",6773,2
"39017014900",4941,2
"39017015000",7629,2
"39017015100",6818,2
"39019720100",3517,11
"39019720200",3626,11
"39019720300",5274,11
"39019720400",4318,11
"39019720500",5397,11
"39019720600",3451,11
"39019720700",3253,11
"39021010100",1809,8
"39021010200",7260,1
"39021010400",4150,8
"39021010500",4070,8
"39021010600",4130,8
"39021011001",2702,8
"39021011501",4473,8
"39021011504",5194,8
"39021011505",3313,8
"39021011506",2996,8
"39023000200",1559,8
"39023000300",1635,8
"39023000400",2229,8
"39023000500",1880,8
"39023000600",2768,8
"39023000700",2577,8
"39023000901",2475,8
"39023000902",1244,8
"39023001000",1501,8
"39023001101",1452,8
"39023001102",2841,8
"39023001200",4245,8
"39023001300",4124,8
"39023001400",3566,8
"39023001500",4353,8
"39023001600",3885,8
"39023001700",2665,8
"39023001900",2865,8
"39023002000",2205,8
"39023002100",1749,8
"39023002200",4358,8
"39023002301",3238,8
"39023002403",3998,8
"39023002404",3112,8
"39023002501",2078,8
"39023002502",3174,8
"39023002601",3818,8
"39023002602",4067,8
"39023002605",3858,8
"39023002606",7726,8
"39023002701",3173,1
"39023002702",2681,1
"39023002800",4649,8
"39023002901",3743,1
"39023002902",4477,8
"39023003001",3145,8
"39023003002",3574,8
"39023003101",2517,8
"39023003102",1878,8
"39023003200",2798,8
"39023003301",3577,8
"39023003302",2543,8
"39023003400",3700,8
"39023003700",4633,8
"39025040101",5176,3
"39025040102",2689,3
"39025040202",2177,3
"39025040203",6195,3
"39025040204",7181,3
"39025040301",3839,4
"39025040302",3459,4
"39025040303",7207,4
"39025040401",3595,4
"39025040403",2719,4
"39025040404",3758,4
"39025040405",2582,4
"39025040500",5109,4
"39025040600",6817,4
"39025040701",6313,4
"39025040702",4019,4
"39025040800",5890,4
"39025040900",5746,3
"39025041000",7507,4
"39025041101",2782,4
"39025041102",4656,4
"39025041103",8335,4
"39025041200",8350,4
"39025041303",5028,4
"39025041304",37,4
"39025041305",4466,4
"39025041306",4286,4
"39025041307",4840,4
"39025041403",4342,4
"39025041404",4742,4
"39025041405",5472,4
"39025041406",4857,4
"39025041501",6269,4
"39025041502",8080,4
"39025041600",5192,3
"39025041701",4522,3
"39025041702",3306,3
"39025041800",3692,3
"39025041900",5665,3
"39025042000",6466,3
"39027964300",3712,7
"39027964400",5087,7
"39027964500",6300,7
"39027964600",2976,7
"39027964700",5569,7
"39027964800",4942,3
"39027964900",4984,3
"39027965000",4156,7
"39027965100",4314,7
"39029950100",5712,11
"39029950200",4741,11
"39029950300",5100,11
"39029950400",4443,11
"39029950500",6097,11
"39029950600",4951,11
"39029950700",5488,11
"39029950800",4531,11
"39029950900",3999,11
"39029951000",5894,11
"39029951100",4845,11
"39029951200",4567,11
"39029951300",3991,11
"39029951400",7652,11
"39029951500",4654,11
"39029951600",5562,11
"39029951700",5108,11
"39029951800",3279,11
"39029951900",3665,11
"39029952000",2827,11
"39029952100",1521,11
"39029952200",2085,11
"39029952300",3039,11
"39029952400",4090,11
"39031960900",4652,11
"39031961000",4690,11
"39031961100",4373,9
"39031961200",3218,9
"39031961300",3944,11
"39031961400",3348,9
"39031961500",2499,9
"39031961600",2324,9
"39031961700",2863,9
"39031961800",4990,11
"39033974100",3666,9
"39033974200",4345,10
"39033974300",2765,10
"39033974400",3458,10
"39033974500",4102,10
"39033974600",2789,10
"39033974700",4026,10
"39033974800",2221,9
"39033974900",3397,10
"39033975000",3748,10
"39033975100",3052,10
"39033975200",2691,10
"39033975300",3524,10
"39035101101",1783,15
"39035101102",4221,15
"39035101200",2562,15
"39035101300",1629,15
"39035101400",2195,15
"39035101501",2194,15
"39035101603",2471,15
"39035101700",2752,15
"39035101800",2942,15
"39035101901",1692,15
"39035102101",3152,15
"39035102102",2512,15
"39035102200",2750,15
"39035102300",2283,15
"39035102401",2114,15
"39035102402",3250,15
"39035102700",4553,15
"39035102800",2048,15
"39035102900",1961,15
"39035103100",1054,15
"39035103300",2222,15
"39035103400",2770,15
"39035103500",1981,15
"39035103602",3254,15
"39035103800",1993,15
"39035103900",2042,15
"39035104100",1095,15
"39035104200",1143,15
"39035104300",1603,15
"39035104400",1498,15
"39035104600",1190,15
"39035104800",2124,14
"39035104900",2493,15
"39035105100",3790,15
"39035105300",3434,15
"39035105400",3646,15
"39035105500",1854,15
"39035105602",2163,14
"39035105700",4165,15
"39035105900",2968,15
"39035106100",3503,15
"39035106200",3663,15
"39035106300",2764,15
"39035106400",1115,15
"39035106500",2520,15
"39035106600",3222,15
"39035106800",2942,15
"39035106900",3501,15
"39035107000",1646,15
"39035107101",4193,15
"39035107701",1944,15
"39035107802",3334,15
"39035108201",1354,14
"39035108301",1647,14
"39035108400",1237,14
"39035108701",4393,14
"39035109301",1873,14
"39035109701",2212,14
"39035109801",1884,14
"39035110501",851,14
"39035110801",1323,14
"39035110901",3102,14
"39035111202",1444,14
"39035111401",1253,14
"39035111500",1179,14
"39035111600",1130,14
"39035111700",1404,14
"39035111800",878,14
"39035111902",841,14
"39035112100",1762,14
"39035112200",1341,14
"39035112301",1427,14
"39035112400",1189,14
"39035112500",1274,14
"39035112600",1048,14
"39035112800",1015,14
"39035113101",956,14
"39035113500",1221,14
"39035113600",1107,14
"39035113801",2009,14
"39035114100",1121,14
"39035114300",1927,14
"39035114501",1369,14
"39035114600",1284,14
"39035114700",240,14
"39035114900",2199,14
"39035115100",1331,14
"39035115200",950,14
"39035115300",937,14
"39035115400",2275,14
"39035115700",1416,14
"39035115800",3226,14
"39035115900",3671,14
"39035116100",954,14
"39035116200",1146,14
"39035116300",1695,14
"39035116400",2990,14
"39035116500",2593,14
"39035116600",2629,14
"39035116700",1708,14
"39035116800",2808,14
"39035116900",1593,14
"39035117101",2416,14
"39035117102",1213,14
"39035117201",3352,14
"39035117202",1837,14
"39035117300",2580,14
"39035117400",1546,14
"39035117500",2761,14
"39035117600",3044,14
"39035117700",4899,14
"39035117800",2069,14
"39035117900",2541,14
"39035118101",2086,14
"39035118200",2101,14
"39035118301",2486,14
"39035118400",1772,14
"39035118500",994,14
"39035118602",2024,14
"39035118700",3679,14
"39035118800",3081,14
"39035118900",1385,14
"39035119100",127,14
"39035119202",1019,14
"39035119300",3572,14
"39035119401",2133,14
"39035119402",1776,14
"39035119501",2536,14
"39035119502",1772,14
"39035119600",2721,14
"39035119701",2026,14
"39035119702",2227,14
"39035119800",3407,14
"39035119900",2267,14
"39035120200",2296,14
"39035120400",2444,14
"39035120500",2382,14
"39035120600",2892,14
"39035120701",1649,14
"39035120702",2031,14
"39035120801",2292,14
"39035120802",2200,14
"39035121100",2285,14
"39035121200",1764,14
"39035121300",2276,14
"39035121401",1742,14
"39035121403",2833,14
"39035121500",2957,14
"39035121700",3767,14
"39035121800",1696,14
"39035121900",1408,14
"39035122100",3208,14
"39035122200",1832,14
"39035122300",1909,14
"39035123100",2473,15
"39035123200",2987,15
"39035123400",3665,15
"39035123501",3482,15
"39035123502",2443,15
"39035123601",2902,15
"39035123602",3002,15
"39035123603",3212,15
"39035123700",2452,15
"39035123800",2490,15
"39035123900",3036,15
"39035124100",4934,15
"39035124201",2598,15
"39035124202",1679,15
"39035124300",4038,15
"39035124500",3456,15
"39035124600",3970,15
"39035126100",2992,14
"39035127501",3164,14
"39035130103",4526,15
"39035130104",4184,15
"39035130105",3507,15
"39035130106",3434,15
"39035131102",3323,14
"39035131103",4328,14
"39035131104",4302,14
"39035132100",4876,14
"39035132200",2980,14
"39035132301",3287,14
"39035132302",1931,14
"39035133103",3288,14
"39035133104",2676,14
"39035134100",1580,15
"39035134203",3062,15
"39035134204",4381,15
"39035134205",2704,16
"39035134206",2962,15
"39035134300",4404,15
"39035135103",2220,14
"39035135104",4102,14
"39035135105",5915,14
"39035135106",1419,14
"39035136101",6130,16
"39035136102",7407,14
"39035136103",5863,14
"39035137101",2485,15
"39035137102",4455,15
"39035137103",4229,15
"39035138105",1332,15
"39035138106",3363,15
"39035138107",2071,15
"39035138108",3994,15
"39035138109",4216,15
"39035138110",4236,15
"39035140100",1538,14
"39035140301",2279,14
"39035140302",2357,14
"39035140400",3017,14
"39035140500",3309,14
"39035140600",1247,14
"39035140701",2630,14
"39035140702",1796,14
"39035140800",3586,14
"39035140900",1916,14
"39035141000",1295,14
"39035141100",4406,14
"39035141200",3159,14
"39035141300",2661,14
"39035141400",2730,14
"39035141500",1700,14
"39035141601",1718,14
"39035141602",1574,14
"39035141700",1522,14
"39035150100",2522,14
"39035150300",1646,14
"39035150400",1639,14
"39035151100",1154,14
"39035151200",1609,14
"39035151300",2138,14
"39035151400",1270,14
"39035151500",1287,14
"39035151600",1401,14
"39035151700",1388,14
"39035151800",1789,14
"39035152101",2452,13
"39035152102",4791,13
"39035152201",3334,13
"39035152202",4326,13
"39035152301",2718,13
"39035152302",4238,13
"39035152303",3746,13
"39035152400",1969,13
"39035152501",3613,14
"39035152502",2570,14
"39035152603",1065,14
"39035152604",4392,14
"39035152701",2257,14
"39035152702",2480,14
"39035152703",1691,14
"39035153103",2533,15
"39035153104",3133,15
"39035153105",3841,15
"39035153106",3705,15
"39035153107",3614,15
"39035154100",2179,14
"39035154200",1521,14
"39035154300",1085,14
"39035154400",2861,14
"39035154501",3656,14
"39035154502",3120,14
"39035154601",4688,14
"39035154603",3103,14
"39035154604",4049,14
"39035154700",2587,14
"39035155101",5261,13
"39035155102",3084,14
"39035156101",1402,14
"39035156102",5731,14
"39035160100",1966,15
"39035160200",2317,15
"39035160300",2023,15
"39035160400",3397,15
"39035160500",3762,15
"39035160601",4966,15
"39035160602",2942,15
"39035160700",1626,15
"39035160800",979,15
"39035160900",3662,15
"39035161000",1816,15
"39035161100",3763,15
"39035161200",3004,15
"39035161300",2976,15
"39035161400",3505,15
"39035161500",3982,15
"39035161600",2131,15
"39035161700",2166,15
"39035161800",1148,15
"39035170101",2884,14
"39035170102",4958,14
"39035170201",2261,14
"39035170202",3898,14
"39035171102",5055,14
"39035171103",3819,14
"39035171104",4578,14
"39035171203",2625,14
"39035171204",2053,14
"39035171205",2530,14
"39035171206",2478,14
"39035172101",2625,14
"39035172102",3782,14
"39035172103",4914,14
"39035172201",3719,14
"39035172202",4115,14
"39035173103",2780,15
"39035173104",4681,15
"39035173105",2436,15
"39035173106",3540,15
"39035173107",2509,15
"39035174103",3036,15
"39035174104",2511,15
"39035174105",3025,15
"39035174106",3205,15
"39035174107",3809,15
"39035174203",2994,16
"39035174204",3767,15
"39035174205",4542,15
"39035174206",2407,15
"39035174207",3422,15
"39035175103",6705,16
"39035175104",6034,16
"39035175105",4757,16
"39035175106",3173,16
"39035175201",6562,16
"39035175202",3213,16
"39035176100",2216,16
"39035176200",5759,16
"39035177101",4203,15
"39035177103",4092,15
"39035177104",3680,15
"39035177201",3908,15
"39035177202",3362,15
"39035177302",2582,15
"39035177303",4988,15
"39035177304",3601,15
"39035177403",3132,15
"39035177404",2875,15
"39035177405",4563,15
"39035177406",4056,15
"39035177501",4226,15
"39035177503",3617,15
"39035177504",4045,15
"39035177505",4649,15
"39035177604",2095,15
"39035177605",2716,15
"39035177606",3804,15
"39035177607",3747,15
"39035177608",5552,15
"39035177609",2108,15
"39035178101",2977,15
"39035178102",4323,15
"39035178201",3545,15
"39035178204",4644,15
"39035178205",2272,15
"39035178206",2957,15
"39035179101",3105,14
"39035179102",2874,14
"39035180102",3925,14
"39035180103",3611,14
"39035180104",3010,14
"39035181100",6814,15
"39035181201",5370,15
"39035181203",3089,15
"39035181204",4940,15
"39035182103",2533,15
"39035182104",2626,15
"39035182105",3418,15
"39035182106",3227,15
"39035183100",3008,14
"39035183200",2478,14
"39035183300",4464,14
"39035183401",2162,14
"39035183402",1486,14
"39035183501",2714,14
"39035183502",3660,14
"39035183603",1606,14
"39035183604",2487,14
"39035183605",2780,14
"39035183606",1603,14
"39035184103",4065,14
"39035184104",1828,14
"39035184105",4711,14
"39035184106",2290,14
"39035184108",7433,14
"39035185101",2829,14
"39035185102",2696,14
"39035185103",2317,14
"39035185104",3901,14
"39035185201",1511,14
"39035185202",5159,14
"39035185203",3882,14
"39035186103",4365,16
"39035186104",2698,15
"39035186105",3529,16
"39035186106",4461,15
"39035186107",6148,15
"39035186201",5703,16
"39035186202",4635,16
"39035186203",3840,16
"39035186205",5138,16
"39035186206",4233,16
"39035187103",2844,14
"39035187104",3321,14
"39035187105",2176,14
"39035187106",5198,14
"39035188103",3270,14
"39035188104",1897,14
"39035188105",3237,14
"39035188106",2466,14
"39035188107",2561,14
"39035189105",4069,15
"39035189107",5059,15
"39035189108",5114,15
"39035189109",3437,15
"39035189110",4321,15
"39035189111",6812,15
"39035189112",3917,15
"39035190502",2362,15
"39035190503",1761,15
"39035190504",10439,16
"39035192300",1543,14
"39035192800",1197,14
"39035192900",2034,14
"39035193800",1027,14
"39035193900",1241,14
"39035194100",2281,14
"39035194300",3460,13
"39035194500",2270,14
"39035194800",884,14
"39035194900",3323,14
"39035195600",4787,14
"39035195700",4590,14
"39035195800",3885,14
"39035195900",4233,14
"39035196000",1681,14
"39035196100",2805,14
"39035196200",3278,13
"39035196300",3909,14
"39035196400",2726,15
"39035196500",1671,14
"39035980100",1,14
"39035980500",0,15
"39035981100",0,15
"39035990000",0,NA
"39037500100",4102,1
"39037510100",4201,1
"39037520100",3417,1
"39037530100",4489,1
"39037540100",3441,1
"39037550100",3391,1
"39037555000",6486,1
"39037555101",3621,1
"39037555102",3903,1
"39037560100",7191,1
"39037570101",2922,1
"39037570102",5795,1
"39039958100",4572,1
"39039958200",4568,10
"39039958300",4381,1
"39039958400",4136,1
"39039958500",4369,1
"39039958600",3699,1
"39039958700",4538,1
"39039958800",3665,1
"39039958900",5109,1
"39041010100",5256,8
"39041010200",5480,8
"39041010420",2926,8
"39041010421",2182,8
"39041010422",5702,8
"39041010520",5215,8
"39041010530",3217,8
"39041011101",2897,1
"39041011102",4917,8
"39041011200",3276,8
"39041011411",2901,8
"39041011412",4517,8
"39041011413",6575,8
"39041011421",6785,8
"39041011423",6343,8
"39041011430",2807,8
"39041011520",3568,8
"39041011530",3612,8
"39041011540",5547,8
"39041011550",8256,8
"39041011560",8056,8
"39041011561",4513,8
"39041011604",5189,10
"39041011710",6370,10
"39041011730",6999,10
"39041011740",5143,10
"39041011750",6184,10
"39041011760",4240,10
"39041011762",5209,5
"39041011900",5002,8
"39041012000",5129,8
"39041012100",6408,8
"39041012200",4507,8
"39041012300",4471,10
"39041012400",4815,5
"39043040100",5652,16
"39043040200",4035,16
"39043040300",6170,9
"39043040400",5621,9
"39043040500",4805,9
"39043040600",1059,9
"39043040700",3831,9
"39043040800",4398,9
"39043040900",3299,9
"39043041000",3093,9
"39043041100",4109,9
"39043041200",2708,9
"39043041300",3527,9
"39043041400",2829,9
"39043041500",3473,9
"39043041600",5622,9
"39043041700",6612,9
"39043041800",6236,9
"39043990100",0,NA
"39045030100",3851,6
"39045030200",2990,6
"39045030300",3355,6
"39045030400",4561,6
"39045030600",9179,6
"39045030700",3030,6
"39045030800",5436,6
"39045030900",8357,6
"39045031000",5492,6
"39045031100",6088,6
"39045031200",4939,6
"39045031300",3065,6
"39045031400",6771,6
"39045031500",2523,6
"39045031600",6138,6
"39045031700",4085,6
"39045032000",3078,6
"39045032100",3407,6
"39045032200",3772,6
"39045032300",3953,6
"39045032500",6264,6
"39045032600",6763,6
"39045032701",4247,6
"39045032702",7340,6
"39045032800",4291,6
"39045032900",10344,6
"39045033000",4137,6
"39045033100",8700,6
"39047925800",3976,7
"39047925900",3557,7
"39047926000",4171,7
"39047926100",4772,7
"39047926200",4692,7
"39047926300",3538,7
"39047926400",4324,7
"39049000110",3344,5
"39049000120",3162,5
"39049000210",2935,5
"39049000220",3727,5
"39049000310",3147,5
"39049000320",2390,5
"39049000330",2314,5
"39049000410",2419,5
"39049000420",3139,5
"39049000500",4057,5
"39049000600",3780,5
"39049000710",3102,5
"39049000720",2384,5
"39049000730",3090,5
"39049000810",2540,5
"39049000820",3121,5
"39049000910",3409,5
"39049000920",2069,5
"39049001000",5830,5
"39049001110",3688,5
"39049001121",7300,5
"39049001122",3159,5
"39049001200",4822,5
"39049001300",6583,5
"39049001400",1543,5
"39049001500",2031,5
"39049001600",1682,5
"39049001700",2704,5
"39049001810",4434,5
"39049001820",2598,5
"39049001901",2031,5
"39049001902",3410,5
"39049002000",3252,5
"39049002100",1808,5
"39049002200",1851,5
"39049002300",1453,5
"39049002510",2856,5
"39049002520",2648,5
"39049002600",4028,6
"39049002710",1858,6
"39049002730",2104,6
"39049002740",2316,6
"39049002750",2349,6
"39049002760",3066,6
"39049002770",1995,6
"39049002780",2423,6
"39049002800",2629,5
"39049002900",2368,5
"39049003000",3105,5
"39049003200",2147,5
"39049003600",1442,5
"39049003700",3303,5
"39049003800",1896,5
"39049004000",2941,5
"39049004200",1370,5
"39049004300",5613,5
"39049004500",5154,5
"39049004610",3368,5
"39049004620",2659,5
"39049004700",4971,5
"39049004810",2891,5
"39049004820",2589,5
"39049004900",5651,5
"39049005000",5205,5
"39049005100",1928,5
"39049005200",2584,5
"39049005300",3054,5
"39049005410",1362,5
"39049005420",2151,5
"39049005500",4228,5
"39049005610",1784,5
"39049005620",2542,5
"39049005700",3629,5
"39049005810",2548,5
"39049005820",2230,5
"39049005900",2546,5
"39049006000",2345,5
"39049006100",2398,5
"39049006220",6527,8
"39049006230",13127,8
"39049006236",5979,8
"39049006310",4439,5
"39049006321",4086,5
"39049006323",3318,5
"39049006330",4716,5
"39049006340",3105,5
"39049006351",3789,5
"39049006352",2985,5
"39049006353",4462,5
"39049006371",6472,5
"39049006372",5738,5
"39049006383",8813,8
"39049006384",6194,8
"39049006386",3702,5
"39049006387",5527,5
"39049006391",4770,8
"39049006392",4386,5
"39049006393",5239,8
"39049006394",2750,8
"39049006395",3673,5
"39049006396",4289,5
"39049006410",2666,5
"39049006430",4459,5
"39049006500",3646,5
"39049006600",3903,5
"39049006710",2666,5
"39049006721",3390,5
"39049006722",2828,5
"39049006810",2140,5
"39049006821",3327,5
"39049006822",1876,5
"39049006910",1530,5
"39049006921",3431,5
"39049006923",3281,5
"39049006924",3677,5
"39049006931",6249,5
"39049006932",5996,5
"39049006933",5257,5
"39049006942",1167,5
"39049006943",4489,5
"39049006944",4112,5
"39049006945",5353,5
"39049006950",2744,5
"39049006990",6376,5
"39049007010",3802,5
"39049007020",6372,5
"39049007041",2062,8
"39049007043",4047,5
"39049007044",5614,8
"39049007047",3727,5
"39049007048",5672,5
"39049007112",5431,5
"39049007113",4918,5
"39049007114",4823,5
"39049007115",5380,5
"39049007120",5117,5
"39049007132",7422,6
"39049007193",6316,5
"39049007194",6417,5
"39049007198",2812,6
"39049007199",5271,6
"39049007201",613,10
"39049007202",2915,6
"39049007203",3233,6
"39049007205",3710,6
"39049007207",4173,6
"39049007209",5706,6
"39049007210",8200,6
"39049007393",8742,6
"39049007394",2806,6
"39049007395",11281,6
"39049007396",9839,6
"39049007424",5470,6
"39049007425",2867,6
"39049007426",2823,6
"39049007427",6030,6
"39049007492",5738,6
"39049007494",4341,6
"39049007511",1851,5
"39049007512",4053,5
"39049007520",3321,6
"39049007531",2496,5
"39049007532",2080,6
"39049007533",1569,6
"39049007534",3671,6
"39049007550",2871,6
"39049007551",8138,6
"39049007710",4236,5
"39049007721",5155,5
"39049007722",3210,5
"39049007730",2925,5
"39049007740",1653,5
"39049007811",3461,5
"39049007812",4094,5
"39049007820",4095,5
"39049007830",2719,5
"39049007921",7719,8
"39049007922",4101,5
"39049007931",4175,5
"39049007933",7626,5
"39049007941",2588,5
"39049007951",8386,5
"39049007952",7428,5
"39049007953",6569,5
"39049007954",7659,5
"39049008000",5410,8
"39049008110",3973,8
"39049008120",3789,8
"39049008132",6619,8
"39049008141",7575,8
"39049008142",6806,8
"39049008161",7166,8
"39049008162",9125,8
"39049008163",3518,5
"39049008164",4008,8
"39049008210",2210,5
"39049008230",1745,5
"39049008241",2772,5
"39049008242",6425,5
"39049008311",4857,5
"39049008312",4805,5
"39049008321",2299,5
"39049008322",4536,5
"39049008330",1744,5
"39049008340",5988,5
"39049008350",6684,5
"39049008360",6366,5
"39049008370",7384,5
"39049008380",5417,5
"39049008400",2962,5
"39049008500",4280,5
"39049008710",2691,5
"39049008720",3459,5
"39049008730",1761,5
"39049008811",1873,5
"39049008812",3034,5
"39049008813",2326,5
"39049008821",2695,5
"39049008822",4016,5
"39049008825",6296,5
"39049008900",5063,6
"39049009000",3257,6
"39049009100",4737,6
"39049009210",4713,6
"39049009220",2372,6
"39049009230",4429,6
"39049009240",1919,6
"39049009250",1889,6
"39049009311",2879,6
"39049009312",2996,6
"39049009321",2164,6
"39049009322",3205,6
"39049009323",3232,6
"39049009325",4598,6
"39049009326",1747,6
"39049009331",803,6
"39049009332",3100,6
"39049009333",2059,6
"39049009334",2810,6
"39049009336",2738,6
"39049009337",3857,6
"39049009340",2816,6
"39049009350",2700,6
"39049009361",4770,6
"39049009362",6436,6
"39049009371",5528,6
"39049009372",4306,6
"39049009373",5773,6
"39049009374",8056,6
"39049009381",5439,6
"39049009382",2803,6
"39049009383",2273,6
"39049009384",2595,6
"39049009385",3441,6
"39049009386",2764,6
"39049009390",5409,6
"39049009410",2874,6
"39049009420",5793,6
"39049009430",7328,6
"39049009440",4385,5
"39049009450",8864,6
"39049009495",4843,5
"39049009497",1625,6
"39049009520",4308,5
"39049009590",4732,5
"39049009600",4169,5
"39049009711",4352,5
"39049009712",2523,5
"39049009720",6810,5
"39049009740",13583,5
"39049009751",5032,5
"39049009752",6124,8
"39049009800",6745,8
"39049009900",1499,5
"39049010000",5388,6
"39049010100",1020,6
"39049010200",15920,6
"39049010300",2801,5
"39049010400",7499,8
"39049010500",7953,8
"39049010601",4644,8
"39049010602",6239,5
"39049010700",1299,5
"39049980000",2,6
"39051040100",3286,10
"39051040200",4610,10
"39051040300",4819,10
"39051040400",3494,10
"39051040500",4899,10
"39051040600",4430,10
"39051040700",7714,10
"39051040800",4940,10
"39051040900",4506,10
"39053953500",4827,7
"39053953600",4068,7
"39053953700",4344,7
"39053953800",4303,7
"39053953900",7012,7
"39053954000",3752,7
"39053954100",2628,7
"39055310100",2269,13
"39055310200",1991,13
"39055310600",6148,13
"39055310700",4107,13
"39055310800",6621,13
"39055310900",3200,13
"39055311000",3637,13
"39055311300",4412,13
"39055311400",5537,13
"39055311500",5306,14
"39055311600",3810,14
"39055311700",4089,14
"39055311800",7306,14
"39055311900",6443,13
"39055312000",2801,13
"39055312100",4131,13
"39055312201",5410,13
"39055312202",4323,13
"39055312203",4661,13
"39055312300",4643,13
"39055312400",2544,13
"39057200101",2481,8
"39057200103",3713,8
"39057200104",6615,8
"39057200300",3907,8
"39057200400",2064,8
"39057200500",5048,8
"39057200600",3557,8
"39057200700",4520,8
"39057200900",5655,8
"39057210100",5501,8
"39057210200",7897,8
"39057210300",3585,8
"39057210401",4964,8
"39057210402",5133,2
"39057210500",5500,8
"39057210601",8431,8
"39057210602",5400,8
"39057210603",5904,8
"39057220100",7698,8
"39057220200",7553,2
"39057230100",2577,8
"39057240100",2787,8
"39057240200",4699,8
"39057240301",8247,8
"39057240302",3823,8
"39057240500",4465,8
"39057240600",5528,8
"39057240700",2752,8
"39057255000",3364,8
"39057260100",6250,8
"39057270100",3738,8
"39057280101",2568,8
"39057280102",2391,7
"39057280200",1426,8
"39057280300",1832,8
"39059977100",4607,11
"39059977200",4821,11
"39059977300",3629,7
"39059977400",3671,11
"39059977500",3442,7
"39059977600",3124,7
"39059977700",3813,11
"39059977800",4008,7
"39059977900",4515,7
"39059978000",4457,7
"39061000200",1068,4
"39061000700",3498,4
"39061000900",1652,4
"39061001000",1437,4
"39061001100",900,4
"39061001600",1487,4
"39061001700",1488,4
"39061001800",1473,4
"39061001900",1445,4
"39061002000",1352,4
"39061002200",2288,4
"39061002300",1143,4
"39061002500",2433,4
"39061002600",3453,4
"39061002700",1513,4
"39061002800",1343,4
"39061002900",6025,4
"39061003000",3565,4
"39061003200",1622,4
"39061003300",1705,4
"39061003600",1451,4
"39061003700",1923,4
"39061003800",2434,4
"39061003900",1942,4
"39061004000",2118,4
"39061004100",1552,4
"39061004200",1821,4
"39061004500",1064,4
"39061004602",4945,4
"39061004603",2982,4
"39061004604",3513,4
"39061004605",2458,4
"39061004701",2893,4
"39061004702",875,4
"39061004800",3225,4
"39061004900",6278,4
"39061005000",4756,4
"39061005100",2322,4
"39061005200",3371,4
"39061005301",2889,4
"39061005302",3200,4
"39061005400",969,4
"39061005500",3851,4
"39061005600",5470,4
"39061005701",2946,4
"39061005702",4664,4
"39061005800",5137,4
"39061005900",1142,4
"39061006000",5228,4
"39061006100",2733,4
"39061006300",3723,4
"39061006400",3249,4
"39061006500",5921,4
"39061006600",2255,4
"39061006800",3871,4
"39061006900",2822,4
"39061007000",2471,4
"39061007100",3569,4
"39061007200",2264,4
"39061007300",1964,4
"39061007400",1598,4
"39061007500",1882,4
"39061007700",3200,4
"39061007800",2615,4
"39061007900",1372,4
"39061008000",4788,4
"39061008100",2558,4
"39061008201",4018,4
"39061008202",3187,4
"39061008300",4718,4
"39061008400",1998,4
"39061008501",3579,4
"39061008502",1916,4
"39061008601",2217,4
"39061008800",3161,4
"39061009200",4003,4
"39061009300",2848,4
"39061009400",1634,4
"39061009500",2399,4
"39061009600",4456,4
"39061009700",5207,4
"39061009800",2013,4
"39061009901",4461,4
"39061009902",3639,4
"39061010002",5585,4
"39061010003",4473,4
"39061010004",4356,4
"39061010005",1497,4
"39061010100",4598,4
"39061010201",5655,4
"39061010202",2518,4
"39061010300",1713,4
"39061010400",1307,4
"39061010500",1448,4
"39061010600",1317,4
"39061010700",1573,3
"39061010800",812,4
"39061010900",2432,3
"39061011000",2607,4
"39061011100",3452,4
"39061020401",5024,3
"39061020403",5856,3
"39061020404",4880,3
"39061020501",2146,3
"39061020502",4763,2
"39061020504",3743,3
"39061020505",4725,3
"39061020601",6141,3
"39061020602",7121,3
"39061020701",6881,3
"39061020705",3203,3
"39061020707",5197,3
"39061020741",3245,3
"39061020742",4259,3
"39061020761",6714,3
"39061020762",3240,3
"39061020802",5017,4
"39061020811",6219,4
"39061020812",4264,3
"39061020901",3423,3
"39061020902",5493,4
"39061021001",3057,3
"39061021002",3638,3
"39061021003",3028,3
"39061021101",5128,3
"39061021102",6344,3
"39061021201",2099,3
"39061021202",5353,3
"39061021302",5838,4
"39061021303",4821,3
"39061021304",5171,4
"39061021401",5412,4
"39061021421",4342,4
"39061021422",3008,4
"39061021501",4834,3
"39061021504",5935,3
"39061021505",3050,3
"39061021506",3193,3
"39061021508",5941,3
"39061021509",6625,3
"39061021571",3402,3
"39061021572",5845,3
"39061021602",3131,3
"39061021603",3924,3
"39061021604",3638,3
"39061021701",2922,3
"39061021702",4231,3
"39061021801",6117,3
"39061021802",3298,4
"39061021900",1426,4
"39061022000",3846,3
"39061022101",4209,3
"39061022102",6833,4
"39061022200",4436,4
"39061022301",6101,3
"39061022302",5493,4
"39061022400",2155,4
"39061022500",3986,4
"39061022601",5948,4
"39061022602",2711,4
"39061022700",3286,4
"39061023001",4372,4
"39061023002",5130,4
"39061023100",2767,4
"39061023201",2945,4
"39061023210",5352,4
"39061023222",2940,4
"39061023300",3925,4
"39061023400",3611,4
"39061023501",4102,4
"39061023521",2503,4
"39061023522",5997,4
"39061023600",4187,4
"39061023701",2991,4
"39061023702",2636,4
"39061023800",5138,4
"39061023901",4568,4
"39061023902",4753,4
"39061024001",5363,4
"39061024002",2895,4
"39061024100",6747,4
"39061024200",2353,4
"39061024301",3851,4
"39061024303",7024,4
"39061024321",7510,4
"39061024322",7679,4
"39061024400",7524,4
"39061024700",1699,4
"39061024800",3453,4
"39061024901",1116,4
"39061024902",7858,4
"39061025001",6338,4
"39061025002",7333,4
"39061025101",4667,4
"39061025102",7469,4
"39061025103",6712,4
"39061025104",1843,4
"39061025200",4389,4
"39061025300",2685,4
"39061025401",1644,4
"39061025402",3012,4
"39061025500",4141,4
"39061025600",3334,4
"39061025700",2188,4
"39061025800",4368,4
"39061026001",4808,2
"39061026002",4740,2
"39061026101",7840,2
"39061026102",3146,2
"39061026200",1683,2
"39061026300",1217,4
"39061026400",2519,4
"39061026500",2159,4
"39061026600",1518,4
"39061026700",1676,4
"39061026800",1481,4
"39061026900",2233,4
"39061027000",3518,4
"39061027100",4216,4
"39061027200",2368,4
"39061027300",2676,4
"39061027400",4194,4
"39063000100",4208,10
"39063000200",5975,10
"39063000300",8025,10
"39063000400",7338,10
"39063000500",5106,10
"39063000600",6875,10
"39063000700",6144,10
"39063000800",3763,10
"39063000900",6305,10
"39063001000",6275,1
"39063001100",3963,10
"39063001200",5723,10
"39063001300",5082,1
"39065000100",3288,1
"39065000200",4750,1
"39065000300",3750,1
"39065000400",6651,1
"39065000500",4370,1
"39065000600",4060,1
"39065000700",5189,1
"39067975600",3825,11
"39067975700",3861,11
"39067975800",2346,11
"39067975900",2280,11
"39067976000",3552,11
"39069000100",4721,10
"39069000200",3830,10
"39069000300",5209,10
"39069000400",3331,10
"39069000500",3404,10
"39069000600",3569,10
"39069000700",4151,10
"39071954400",4177,7
"39071954500",3990,7
"39071954600",5645,7
"39071954700",6394,7
"39071954800",4301,7
"39071954900",3707,7
"39071955000",4212,7
"39071955100",6298,7
"39071955200",4865,3
"39073964900",4377,6
"39073965000",3879,6
"39073965100",4296,6
"39073965200",4373,6
"39073965300",3680,6
"39073965400",4489,6
"39073965500",4286,6
"39075976301",4617,11
"39075976302",5687,11
"39075976400",8618,9
"39075976500",5189,9
"39075976600",4463,9
"39075976700",4345,9
"39075976801",4816,11
"39075976802",4631,11
"39077915400",5163,16
"39077915500",6155,9
"39077915600",4779,9
"39077915700",4327,9
"39077915800",4735,9
"39077915900",4190,9
"39077916000",4015,9
"39077916100",3625,9
"39077916200",4763,9
"39077916300",3498,9
"39077916400",5114,9
"39077916500",4845,16
"39077916600",4417,16
"39079957200",5037,7
"39079957300",3576,7
"39079957400",5529,7
"39079957500",5785,7
"39079957600",2900,7
"39079957700",5451,7
"39079957800",4947,7
"39081000200",3035,11
"39081000400",3365,11
"39081000600",2326,11
"39081000800",855,11
"39081001000",2352,11
"39081001200",5287,11
"39081001300",1504,11
"39081001400",3792,11
"39081001700",1953,11
"39081011000",1791,11
"39081011100",3088,11
"39081011200",2076,11
"39081011300",2635,11
"39081011401",4292,11
"39081011402",4046,11
"39081011500",5305,11
"39081011700",4426,11
"39081011800",3577,11
"39081011900",3581,11
"39081012000",3140,11
"39081012100",2836,11
"39081012200",2175,11
"39081012300",2272,11
"39083006700",5034,9
"39083006801",5408,10
"39083006802",4718,10
"39083006900",5919,10
"39083007000",2989,10
"39083007100",3763,10
"39083007200",5254,10
"39083007300",6799,10
"39083007400",5583,10
"39083007500",4415,10
"39083007600",4580,10
"39083007700",6459,10
"39085200100",1831,13
"39085200200",2697,13
"39085200300",3014,13
"39085200400",3593,13
"39085200500",3036,13
"39085200600",3369,13
"39085200700",3732,13
"39085200800",3700,13
"39085200900",1949,13
"39085201000",5056,13
"39085201100",4429,13
"39085201200",3334,13
"39085201300",3714,13
"39085201400",4026,13
"39085201500",1985,13
"39085201600",3772,13
"39085201700",5437,13
"39085201800",3705,13
"39085201900",2815,13
"39085202000",5906,13
"39085202100",2373,13
"39085202400",3119,13
"39085202500",4324,13
"39085202600",3868,13
"39085202700",6329,13
"39085202800",6044,13
"39085202900",6839,13
"39085203000",6608,13
"39085203200",3441,13
"39085203400",4299,13
"39085203500",6709,13
"39085203700",3282,13
"39085204000",3109,13
"39085204200",4027,13
"39085204301",1613,13
"39085204302",6579,13
"39085204400",3162,13
"39085204500",4069,13
"39085204700",4700,13
"39085204800",5159,13
"39085204900",5983,13
"39085205001",5887,13
"39085205002",6146,13
"39085205100",6168,13
"39085205200",3253,13
"39085205300",2504,13
"39085205400",1663,13
"39085205701",4875,13
"39085205702",2900,13
"39085205800",1292,13
"39085205900",1130,13
"39085206000",5508,13
"39085206100",3184,13
"39085206200",1561,13
"39085206300",4832,13
"39085206400",4701,13
"39085206500",3022,13
"39085206600",4679,13
"39085990000",0,NA
"39087050100",2509,7
"39087050200",2444,7
"39087050300",2437,7
"39087050400",3159,7
"39087050500",6717,7
"39087050600",1429,7
"39087050700",3719,7
"39087050800",3697,7
"39087050900",2361,7
"39087051001",4603,7
"39087051002",4483,7
"39087051100",6912,7
"39087051200",5178,7
"39087051300",3910,7
"39087051401",5129,7
"39087051402",3763,7
"39089750700",3371,6
"39089751000",2448,6
"39089751300",3583,6
"39089751600",3518,6
"39089751900",4292,6
"39089752200",4761,6
"39089752500",3968,6
"39089752800",6816,6
"39089753100",5165,6
"39089753300",7284,6
"39089753600",2039,6
"39089753900",4665,6
"39089754101",7421,6
"39089754102",2291,6
"39089754400",5948,10
"39089754700",6552,10
"39089755000",6569,10
"39089755300",7078,10
"39089755600",5186,6
"39089755900",6882,6
"39089756201",2444,6
"39089756202",8021,6
"39089756500",4466,6
"39089756800",7723,6
"39089757100",3852,6
"39089757400",6272,6
"39089757700",7446,6
"39089758300",2757,6
"39089758600",7086,6
"39089758900",5959,6
"39089759000",3371,6
"39089759100",7258,6
"39091003800",3862,8
"39091003900",4561,1
"39091004000",2536,1
"39091004100",2813,1
"39091004200",1898,1
"39091004300",5849,1
"39091004400",5117,1
"39091004500",4343,1
"39091004600",5086,8
"39091004700",5355,8
"39091004800",4438,1
"39093010200",4268,15
"39093010300",5261,15
"39093010400",2819,15
"39093013100",9693,15
"39093013200",11500,15
"39093021100",3336,15
"39093021200",5801,15
"39093022100",1930,15
"39093022200",2565,15
"39093022400",4150,15
"39093022500",1609,15
"39093022601",2798,15
"39093022800",4736,15
"39093023000",5359,15
"39093023100",3462,15
"39093023200",3071,15
"39093023300",2517,15
"39093023400",2084,15
"39093023500",2191,15
"39093023600",2845,15
"39093023700",5204,15
"39093023800",1720,15
"39093023900",1581,15
"39093024000",1764,15
"39093024100",2911,15
"39093024200",4391,15
"39093028100",3982,15
"39093030100",6545,16
"39093050100",3069,16
"39093050200",3447,15
"39093050300",7979,16
"39093050400",2419,15
"39093057100",3766,16
"39093060100",4023,16
"39093060200",5151,16
"39093070101",3596,15
"39093070102",5404,15
"39093070200",1929,15
"39093070300",3284,16
"39093070400",4776,16
"39093070500",3223,15
"39093070600",4495,15
"39093070700",2370,16
"39093070800",1124,15
"39093070901",2216,16
"39093070902",3422,16
"39093071000",2185,15
"39093071100",4439,16
"39093071201",4422,16
"39093071202",4383,16
"39093071300",4806,16
"39093071400",3188,16
"39093071500",2057,16
"39093077100",3609,16
"39093080101",2230,15
"39093080103",4520,15
"39093080104",3641,15
"39093080500",5973,15
"39093080600",5630,15
"39093080700",7471,16
"39093090100",3289,16
"39093090200",3751,16
"39093091100",3331,16
"39093091200",4506,16
"39093092100",2483,16
"39093093100",3245,16
"39093094100",7967,16
"39093095100",7935,16
"39093096100",6222,16
"39093097100",3055,16
"39093097200",7690,15
"39093097300",3309,15
"39093097400",10233,15
"39093990200",0,NA
"39095000200",4333,9
"39095000300",4848,9
"39095000400",3676,9
"39095000600",4535,9
"39095000700",5145,10
"39095000800",1576,9
"39095000900",2547,9
"39095001000",3776,9
"39095001100",2473,9
"39095001201",2246,9
"39095001202",3306,9
"39095001301",2694,10
"39095001302",2231,10
"39095001303",3157,9
"39095001400",1795,9
"39095001500",1661,9
"39095001600",3265,9
"39095001700",1795,9
"39095001800",2797,9
"39095001900",1728,9
"39095002000",1973,9
"39095002100",2903,9
"39095002200",1556,9
"39095002300",1500,9
"39095002401",3759,9
"39095002402",1684,9
"39095002500",2195,9
"39095002600",1345,9
"39095002700",1055,9
"39095002800",1611,9
"39095002900",1954,9
"39095003000",2202,9
"39095003100",1244,9
"39095003200",1412,9
"39095003300",1701,9
"39095003400",775,9
"39095003500",1529,9
"39095003600",1666,9
"39095003700",1409,9
"39095003900",5309,9
"39095004000",2184,9
"39095004200",1926,9
"39095004400",4138,9
"39095004501",2704,9
"39095004503",2587,9
"39095004504",3413,9
"39095004600",2478,9
"39095004701",3046,9
"39095004702",3829,9
"39095004800",3467,9
"39095004900",3045,9
"39095005000",1870,9
"39095005100",4740,9
"39095005200",3475,9
"39095005300",2082,9
"39095005400",3227,9
"39095005501",3018,9
"39095005502",3043,9
"39095005503",2217,9
"39095005600",5412,9
"39095005701",3481,9
"39095005702",4818,9
"39095005703",2544,9
"39095005801",3460,9
"39095005802",4762,9
"39095005901",2580,10
"39095005902",4103,10
"39095006000",2420,10
"39095006100",3180,10
"39095006200",2504,9
"39095006300",3002,10
"39095006400",2417,10
"39095006500",2279,10
"39095006600",2625,10
"39095006700",1673,9
"39095006800",4877,9
"39095006900",2570,9
"39095007001",4136,10
"39095007002",1981,10
"39095007101",4336,10
"39095007102",3812,10
"39095007202",3697,10
"39095007203",4063,9
"39095007204",4187,10
"39095007205",5101,10
"39095007301",4744,10
"39095007302",3620,10
"39095007303",5037,10
"39095007400",5477,10
"39095007500",4053,10
"39095007600",4579,10
"39095007700",3362,10
"39095007800",3807,10
"39095007901",2121,10
"39095007902",5540,10
"39095008000",4073,10
"39095008100",3911,10
"39095008201",4673,10
"39095008202",5880,10
"39095008203",7507,10
"39095008301",5809,10
"39095008302",1636,10
"39095008400",4814,10
"39095008500",3905,10
"39095008600",5397,10
"39095008700",8135,10
"39095008800",7328,10
"39095008901",5211,10
"39095008902",6125,10
"39095009000",12417,10
"39095009101",4345,10
"39095009102",5399,10
"39095009201",7860,10
"39095009202",7406,10
"39095009300",1598,10
"39095009400",2616,10
"39095009500",3012,10
"39095009600",3361,10
"39095009700",3100,9
"39095009800",4405,9
"39095009900",4455,9
"39095010001",4115,9
"39095010002",3303,9
"39095010100",4145,9
"39095010200",2422,9
"39095010300",2256,9
"39095010400",3981,10
"39095990000",0,NA
"39097040101",2282,8
"39097040102",5091,8
"39097040201",2757,8
"39097040202",2655,8
"39097040400",2612,8
"39097040500",4528,8
"39097040600",5448,8
"39097040700",3095,8
"39097041000",4949,8
"39097041100",4761,8
"39097041200",3043,7
"39097041300",2214,8
"39099800300",1266,12
"39099800400",951,12
"39099800500",4375,12
"39099800600",1403,12
"39099801000",1628,12
"39099801100",2338,12
"39099801200",1618,12
"39099801300",2330,12
"39099801400",2101,12
"39099801500",1898,12
"39099801600",3021,12
"39099801700",1257,12
"39099802100",1139,12
"39099802300",1033,12
"39099802400",2890,12
"39099802500",1504,12
"39099802600",1806,12
"39099802701",3153,12
"39099802702",2854,12
"39099802800",2716,12
"39099802900",2486,12
"39099803000",1970,12
"39099804000",2395,12
"39099804100",1455,12
"39099804200",2200,12
"39099804300",968,12
"39099810100",4305,12
"39099810200",2147,12
"39099810300",1755,12
"39099810600",3104,12
"39099810700",5346,12
"39099810800",2265,12
"39099810900",2244,12
"39099811001",4119,12
"39099811002",7499,12
"39099811100",1155,12
"39099811200",2487,12
"39099811300",6380,12
"39099811400",3387,12
"39099811500",5759,12
"39099811600",3642,12
"39099811700",2602,12
"39099811800",1600,12
"39099811901",4433,12
"39099811902",3320,12
"39099812001",5666,12
"39099812002",4100,12
"39099812100",9699,12
"39099812200",6465,12
"39099812301",3911,12
"39099812302",6475,12
"39099812400",2888,12
"39099812500",5529,12
"39099812601",4249,12
"39099812602",5279,12
"39099812603",8391,12
"39099812700",2114,12
"39099812800",3759,12
"39099812900",4339,11
"39099813000",4531,11
"39099813200",4399,11
"39099813300",3241,11
"39099813400",3538,11
"39099813500",7377,11
"39099813600",8324,12
"39099813700",3080,12
"39099813800",3067,12
"39099813900",2150,12
"39099814000",3340,12
"39099814100",2608,12
"39101000100",1262,1
"39101000200",3425,1
"39101000300",2352,1
"39101000400",3985,1
"39101000501",2711,1
"39101000502",2440,1
"39101000600",4665,1
"39101000700",2529,1
"39101000800",2421,1
"39101000900",4648,1
"39101001000",3156,1
"39101001100",2440,1
"39101010100",5181,1
"39101010201",5231,1
"39101010202",4760,1
"39101010300",5357,1
"39101010400",4694,1
"39101010500",5244,1
"39103400100",7646,16
"39103402000",5127,16
"39103403001",3250,16
"39103403002",2911,16
"39103404000",3970,16
"39103405000",4445,16
"39103406000",5211,16
"39103407000",6005,16
"39103408001",2752,16
"39103408002",1801,16
"39103408003",2977,16
"39103408100",7332,16
"39103408201",4220,16
"39103408202",5517,16
"39103408301",3620,16
"39103408302",10213,16
"39103409001",2265,16
"39103409002",4792,16
"39103410000",4157,16
"39103411001",1718,16
"39103411002",2864,16
"39103412000",4114,16
"39103413000",5614,16
"39103415100",3788,16
"39103415200",4265,16
"39103415300",4600,16
"39103415400",4579,16
"39103415800",6651,16
"39103416000",5653,16
"39103416100",4863,16
"39103416200",3762,16
"39103416300",2602,16
"39103416400",3390,16
"39103417000",8428,16
"39103417100",6307,16
"39103417200",6806,16
"39103417300",4117,16
"39105964100",4209,7
"39105964200",4808,7
"39105964300",4808,7
"39105964400",3521,7
"39105964500",3092,7
"39105964600",3332,7
"39107967200",3769,1
"39107967300",4417,1
"39107967400",4602,1
"39107967500",5296,1
"39107967600",2785,1
"39107967700",6168,1
"39107967800",1951,1
"39107967900",6825,1
"39107968000",5001,1
"39109300100",4464,1
"39109315001",3985,1
"39109315002",4384,1
"39109315100",5994,1
"39109315300",5219,1
"39109320100",3594,1
"39109325000",2855,1
"39109330100",3399,1
"39109340100",5085,1
"39109345000",4810,1
"39109350100",7940,1
"39109355001",5868,1
"39109355002",1745,1
"39109365000",8618,1
"39109365101",3494,1
"39109365102",5118,1
"39109365200",3908,1
"39109365301",5439,1
"39109365302",5866,1
"39109380100",5802,1
"39109390100",4919,1
"39111966600",3619,7
"39111966700",3773,7
"39111966800",3931,7
"39111966900",3319,7
"39113000100",3053,2
"39113000200",2433,2
"39113000300",1957,2
"39113000400",4263,2
"39113000500",3968,2
"39113000600",1840,2
"39113000700",2615,2
"39113000801",3964,2
"39113000802",2383,2
"39113000900",3133,2
"39113001000",1356,2
"39113001100",4245,2
"39113001200",1325,2
"39113001501",3866,2
"39113001600",2072,2
"39113001700",763,2
"39113001800",6117,2
"39113001900",4456,2
"39113002000",3031,2
"39113002200",2903,2
"39113002300",3144,2
"39113002400",2469,2
"39113002500",5063,2
"39113002600",5565,2
"39113002700",1993,2
"39113002800",2160,2
"39113002900",4076,2
"39113003000",2717,2
"39113003100",2703,2
"39113003201",3442,2
"39113003300",4793,2
"39113003402",3904,2
"39113003403",3481,2
"39113003404",2291,2
"39113003500",2381,2
"39113003800",3231,2
"39113003900",2373,2
"39113004100",2517,2
"39113004200",2447,2
"39113004300",2036,2
"39113004400",2252,2
"39113004600",1500,2
"39113010100",2129,2
"39113010200",7073,2
"39113020100",2863,2
"39113020200",2893,2
"39113020300",2628,2
"39113020400",6568,2
"39113020500",1427,2
"39113020601",1843,2
"39113020602",1607,2
"39113020700",3139,2
"39113020800",2381,2
"39113020900",2630,2
"39113021000",1741,2
"39113021100",3286,2
"39113021200",1735,2
"39113021301",2848,2
"39113021302",2258,2
"39113021400",2616,2
"39113021501",2863,2
"39113021502",1598,2
"39113021601",2047,2
"39113021602",3359,2
"39113021700",2471,2
"39113021800",2113,2
"39113021900",2067,2
"39113030100",4650,2
"39113030200",2496,2
"39113040101",1880,2
"39113040102",2087,2
"39113040103",2643,2
"39113040201",2811,2
"39113040203",2734,2
"39113040204",4603,2
"39113040302",5484,2
"39113040303",5079,2
"39113040305",2948,8
"39113040306",5237,2
"39113040401",5100,2
"39113040403",4140,2
"39113040405",5717,2
"39113040406",6144,2
"39113050101",4099,2
"39113050103",8833,2
"39113050104",2525,2
"39113050105",4592,2
"39113050301",3304,2
"39113050302",5324,2
"39113050303",3932,2
"39113050401",5163,2
"39113050402",2250,2
"39113050502",2891,2
"39113050503",6453,2
"39113050504",6358,2
"39113050600",3835,2
"39113060100",2887,2
"39113060200",1755,2
"39113060300",3757,2
"39113070101",4175,2
"39113070102",3569,2
"39113070201",1571,2
"39113070202",2035,2
"39113070300",2776,2
"39113070400",2539,2
"39113070500",4365,2
"39113070600",1198,2
"39113070700",3415,2
"39113080100",5823,2
"39113080200",2766,2
"39113080300",2190,2
"39113080400",3216,2
"39113080500",6624,2
"39113080600",1573,2
"39113080700",2135,2
"39113090302",6296,2
"39113090303",3480,8
"39113090304",6583,2
"39113090600",3556,2
"39113090700",1437,8
"39113090800",1334,8
"39113090900",3537,8
"39113091000",2550,2
"39113091100",3013,8
"39113100101",6313,2
"39113100102",5787,2
"39113100201",4593,2
"39113100202",2575,2
"39113100203",4828,2
"39113100301",4426,2
"39113100302",3243,2
"39113100400",4759,2
"39113110100",1317,2
"39113110201",4614,2
"39113110202",3047,2
"39113115002",4073,2
"39113115011",5465,2
"39113115012",5416,2
"39113120101",5293,2
"39113120102",4736,2
"39113120103",3009,2
"39113125000",6306,2
"39113125101",7161,2
"39113125102",6262,2
"39113130101",2474,1
"39113130102",6406,2
"39113140100",5999,2
"39113150100",6335,2
"39113160100",1906,2
"39113165000",6523,2
"39113165100",2687,2
"39113165200",1669,2
"39113980000",0,8
"39115968800",3296,7
"39115968900",4007,7
"39115969000",4271,7
"39115969100",3480,7
"39117965000",4292,10
"39117965100",4643,10
"39117965200",7089,10
"39117965300",6321,1
"39117965400",6115,10
"39117965500",6367,10
"39119911000",4565,11
"39119911100",5879,9
"39119911200",6644,6
"39119911300",5938,6
"39119911400",3804,6
"39119911500",4985,6
"39119911600",5965,9
"39119911700",3375,9
"39119911800",3241,7
"39119911900",2869,7
"39119912000",3138,7
"39119912100",3748,7
"39119912200",3586,7
"39119912300",4289,7
"39119912400",4256,6
"39119912500",4871,6
"39119912600",3322,7
"39119912700",5533,7
"39119912800",6066,7
"39121968300",4051,7
"39121968400",7384,7
"39121968500",3210,7
"39123050100",633,9
"39123050201",1906,9
"39123050202",1692,9
"39123050301",2867,9
"39123050302",2301,9
"39123050500",3213,9
"39123050600",3293,9
"39123050700",3450,9
"39123050800",4056,9
"39123050900",5659,9
"39123051000",5058,9
"39123051100",3780,9
"39123051200",3520,9
"39125960100",3123,1
"39125960200",4339,1
"39125960300",4219,1
"39125960400",4100,1
"39125960500",3833,1
"39127965800",7221,6
"39127965900",6975,6
"39127966000",5032,6
"39127966100",4607,6
"39127966200",6073,6
"39127966300",6150,6
"39129020100",1825,7
"39129020200",2645,6
"39129020310",4820,6
"39129020320",3447,5
"39129020400",2722,6
"39129021100",7559,5
"39129021200",7593,5
"39129021300",3598,8
"39129021401",3366,8
"39129021402",6335,5
"39129021500",3267,5
"39129021600",3555,7
"39129021700",4966,6
"39131952200",5757,7
"39131952300",5497,7
"39131952400",3330,7
"39131952500",3744,7
"39131952600",5918,7
"39131952700",4463,7
"39133600102",3817,13
"39133600103",5473,13
"39133600200",5854,13
"39133600301",8894,14
"39133600302",6654,14
"39133600401",6695,13
"39133600402",4668,13
"39133600403",4842,13
"39133600500",5670,13
"39133600602",2843,13
"39133600603",4074,12
"39133600703",1799,12
"39133600704",1744,12
"39133600705",2586,12
"39133600706",2919,12
"39133600800",3409,13
"39133600901",4100,13
"39133600902",5505,13
"39133601000",2613,13
"39133601100",5306,13
"39133601200",4930,13
"39133601300",6899,13
"39133601400",4584,13
"39133601501",2118,13
"39133601502",7117,13
"39133601503",4402,13
"39133601600",4071,13
"39133601701",5714,13
"39133601702",5716,12
"39133601801",3812,13
"39133601802",4413,12
"39133601901",2740,11
"39133601902",2822,12
"39133602000",5298,11
"39133602100",7318,12
"39135400100",3309,1
"39135410100",2258,1
"39135420100",4594,1
"39135430100",2790,2
"39135440100",3859,2
"39135450100",2119,2
"39135455001",2427,2
"39135455002",5685,2
"39135460100",2926,1
"39135470101",3562,2
"39135470102",4339,2
"39135480100",4402,2
"39137030100",4398,10
"39137030200",5823,1
"39137030300",7845,1
"39137030400",3397,1
"39137030500",3804,1
"39137030600",4252,1
"39137030700",4980,1
"39139000400",2480,9
"39139000500",3731,9
"39139000600",3273,9
"39139000700",2771,9
"39139000800",2821,9
"39139000900",4612,9
"39139001000",5590,9
"39139001100",2600,9
"39139001200",3759,9
"39139001300",3118,9
"39139001400",2245,9
"39139001500",2136,9
"39139001600",1845,9
"39139001700",5386,9
"39139001800",3653,9
"39139001900",6219,9
"39139002000",5619,9
"39139002101",5150,9
"39139002102",4679,9
"39139002200",7006,9
"39139002300",6314,9
"39139002400",5577,9
"39139002500",4204,9
"39139002600",4921,9
"39139002700",5242,9
"39139002800",3730,9
"39139002900",4191,9
"39139003001",5298,10
"39139003002",3877,9
"39139003100",2428,9
"39141955500",6002,7
"39141955601",2207,7
"39141955602",5781,7
"39141955603",3949,7
"39141955700",5677,7
"39141955800",7595,7
"39141955900",4219,7
"39141956000",5160,7
"39141956100",3621,7
"39141956200",2360,7
"39141956300",3138,7
"39141956400",3381,7
"39141956500",3915,7
"39141956600",5244,7
"39141956700",5159,7
"39141956800",6089,7
"39141956900",4567,7
"39143960800",3604,9
"39143960900",3246,9
"39143961000",4213,9
"39143961100",4165,9
"39143961200",3993,9
"39143961300",4426,9
"39143961400",2964,9
"39143961500",4210,9
"39143961600",3049,9
"39143961700",3419,9
"39143961800",4316,9
"39143961900",3527,9
"39143962000",6416,9
"39143962100",5008,9
"39143962200",4388,9
"39145002100",5101,7
"39145002200",4839,7
"39145002300",5307,7
"39145002400",5780,7
"39145002500",3169,7
"39145002600",4336,7
"39145002700",4955,7
"39145002800",4743,7
"39145002900",6259,7
"39145003000",3914,7
"39145003100",3300,7
"39145003200",1773,7
"39145003300",2432,7
"39145003400",3705,7
"39145003500",2601,7
"39145003600",2577,7
"39145003700",2859,7
"39145003800",4613,7
"39145003900",3200,7
"39145004000",4036,7
"39147962500",3928,9
"39147962600",4129,9
"39147962700",3529,9
"39147962800",3460,9
"39147962900",4107,10
"39147963000",3413,10
"39147963100",4607,10
"39147963200",4211,10
"39147963300",3900,9
"39147963400",4102,9
"39147963500",3809,9
"39147963600",4397,9
"39147963700",5074,10
"39147963800",4079,9
"39149971400",4227,1
"39149971500",5222,1
"39149971600",4907,1
"39149971700",4513,1
"39149971800",5632,1
"39149971900",4136,1
"39149972000",4079,1
"39149972100",5318,1
"39149972200",5637,1
"39149972300",5752,1
"39151700100",1269,11
"39151700200",5906,11
"39151700300",2587,11
"39151700400",4630,11
"39151700500",3041,11
"39151700600",3290,11
"39151700700",6956,11
"39151700800",3797,11
"39151701000",3539,11
"39151701100",3258,11
"39151701200",3701,11
"39151701300",4096,11
"39151701500",2988,11
"39151701700",3231,11
"39151701800",2263,11
"39151702100",3390,11
"39151702300",3140,11
"39151702500",3233,11
"39151710200",4635,11
"39151710300",3602,11
"39151710400",1034,11
"39151710500",4469,11
"39151710600",4805,11
"39151710700",3757,11
"39151710800",5393,11
"39151710900",4356,11
"39151711000",7805,12
"39151711111",4864,12
"39151711112",5010,12
"39151711121",6530,12
"39151711122",5752,12
"39151711202",4225,16
"39151711211",6863,16
"39151711212",2614,16
"39151711311",8083,12
"39151711312",7035,12
"39151711321",3687,12
"39151711322",2973,12
"39151711402",6865,12
"39151711411",3834,12
"39151711412",4728,12
"39151711501",3791,11
"39151711502",3359,11
"39151711600",6023,11
"39151711700",5441,11
"39151711800",4831,12
"39151711900",4970,12
"39151712000",4325,12
"39151712102",7709,11
"39151712111",5962,12
"39151712112",1820,12
"39151712201",6412,12
"39151712202",5671,11
"39151712300",6020,11
"39151712400",6908,11
"39151712500",1862,11
"39151712601",2561,11
"39151712602",5080,11
"39151712700",5220,11
"39151712800",4657,11
"39151712900",3960,11
"39151713000",3902,11
"39151713100",5903,11
"39151713201",7214,11
"39151713202",2160,11
"39151713300",4640,11
"39151713401",5116,11
"39151713402",4375,11
"39151713501",5378,11
"39151713502",5621,11
"39151713600",2496,12
"39151713700",2458,12
"39151713900",1912,12
"39151714000",3950,12
"39151714100",3336,11
"39151714200",2960,11
"39151714302",3958,12
"39151714400",3754,11
"39151714600",4286,11
"39151714701",5826,12
"39151714702",2584,16
"39151714801",6546,11
"39151714802",2834,11
"39151714901",3961,11
"39151714902",3675,11
"39151715000",2925,12
"39153501100",1482,16
"39153501700",1448,12
"39153501800",1054,16
"39153501900",2465,12
"39153502101",3001,13
"39153502102",4202,13
"39153502200",5642,13
"39153502300",5273,13
"39153502500",1184,12
"39153502600",3054,12
"39153502700",6574,12
"39153502800",4243,12
"39153503100",1911,12
"39153503200",1829,12
"39153503300",5606,12
"39153503400",1478,12
"39153503500",3739,12
"39153503600",4352,12
"39153503701",5770,12
"39153503702",5769,12
"39153503800",3903,12
"39153504100",1222,12
"39153504200",1977,12
"39153504400",1491,12
"39153504500",1934,12
"39153504600",3376,12
"39153504700",4378,12
"39153504800",4810,12
"39153505200",1550,12
"39153505300",1791,12
"39153505400",3835,16
"39153505500",2688,12
"39153505600",1394,12
"39153505700",2837,16
"39153505800",4872,16
"39153505900",2423,12
"39153506100",5331,16
"39153506200",4049,16
"39153506400",2910,16
"39153506500",2965,16
"39153506600",2586,16
"39153506700",1608,16
"39153506800",2141,12
"39153507101",5195,13
"39153507102",2782,16
"39153507201",2517,16
"39153507202",3573,16
"39153507203",4334,16
"39153507300",3314,16
"39153507400",1062,16
"39153507500",6246,16
"39153507600",4248,13
"39153508000",4737,13
"39153508301",2153,16
"39153508399",4626,16
"39153508600",2913,16
"39153508800",5775,16
"39153508900",5255,12
"39153509000",1802,16
"39153510100",3129,16
"39153510200",4250,16
"39153510301",5339,16
"39153510302",5943,16
"39153510400",3840,16
"39153510500",4439,16
"39153520103",2099,13
"39153520104",4308,13
"39153520105",4177,13
"39153520106",2346,13
"39153520201",2752,13
"39153520202",4826,13
"39153520301",3387,13
"39153520302",3594,13
"39153520400",4728,13
"39153520500",4541,13
"39153520600",3766,13
"39153530101",5089,14
"39153530103",4828,14
"39153530104",7345,14
"39153530105",2269,14
"39153530108",4340,14
"39153530401",3402,13
"39153530402",3695,13
"39153530501",5368,13
"39153530502",3239,13
"39153530603",4574,13
"39153530604",3474,13
"39153530605",5330,13
"39153530606",5755,13
"39153530700",2519,13
"39153530800",6630,13
"39153530901",4346,13
"39153530902",6216,13
"39153530903",5077,12
"39153531001",3704,12
"39153531002",5622,12
"39153531101",3122,12
"39153531102",4287,12
"39153531103",3044,12
"39153531401",7559,12
"39153531405",4195,12
"39153531500",8224,12
"39153531601",4304,12
"39153531602",3114,12
"39153531701",3852,16
"39153531702",4308,16
"39153531801",5254,12
"39153531802",4529,12
"39153532001",3813,16
"39153532003",4399,16
"39153532004",3874,16
"39153532202",6468,13
"39153532301",5605,13
"39153532302",5783,13
"39153532501",3216,14
"39153532502",2949,14
"39153532600",2764,14
"39153532701",6891,14
"39153532702",3677,14
"39153532703",5839,14
"39153532705",7151,14
"39153532706",3796,14
"39153532708",5453,14
"39153532901",1501,13
"39153532902",8193,13
"39153532999",5721,12
"39153533000",1688,16
"39153533101",4572,14
"39153533102",2619,14
"39153533200",5815,13
"39153533400",6061,16
"39153533501",8186,16
"39153533502",3734,16
"39153534000",6495,14
"39153534100",2761,14
"39155920300",2820,12
"39155920400",2569,12
"39155920500",956,12
"39155920600",3745,12
"39155920700",4839,12
"39155920800",2399,12
"39155920900",3443,12
"39155921000",5455,12
"39155921100",3930,12
"39155921200",2135,12
"39155921300",2456,12
"39155921400",3324,12
"39155921500",5669,12
"39155921600",4248,12
"39155930101",3034,12
"39155930102",2645,12
"39155930200",2743,12
"39155930300",3689,13
"39155930400",4241,13
"39155930500",6115,13
"39155930600",3717,12
"39155930700",4286,12
"39155930800",4870,12
"39155930900",7148,12
"39155931000",5964,12
"39155931100",2495,12
"39155931200",3997,12
"39155931300",4264,12
"39155931400",4590,12
"39155931500",3906,12
"39155931601",4603,12
"39155931602",2996,12
"39155931700",2023,12
"39155931900",5982,12
"39155932000",5997,12
"39155932200",2802,12
"39155932300",5758,12
"39155932500",3263,12
"39155932600",3722,12
"39155932701",5816,12
"39155932702",2598,12
"39155932801",3029,12
"39155932802",3647,12
"39155932900",2357,12
"39155933001",5803,12
"39155933002",4149,12
"39155933100",2601,12
"39155933301",2616,12
"39155933302",4617,12
"39155933400",3417,12
"39155933500",3903,12
"39155933600",4965,12
"39155933700",2863,12
"39155933800",2843,12
"39155933900",2250,12
"39157020100",4922,11
"39157020200",3892,11
"39157020300",3348,11
"39157020400",5697,11
"39157020500",5365,11
"39157020600",5079,11
"39157020700",6301,11
"39157020800",6128,11
"39157020900",4016,11
"39157021000",4691,11
"39157021100",2798,11
"39157021200",2899,11
"39157021300",4798,11
"39157021400",2505,11
"39157021500",7616,11
"39157021600",4434,11
"39157021700",5474,11
"39157021800",2867,11
"39157021900",2603,11
"39157022001",3620,11
"39157022002",3529,11
"39159050100",3887,8
"39159050200",4710,8
"39159050301",3885,8
"39159050303",6648,8
"39159050304",2346,8
"39159050400",9340,8
"39159050500",5278,8
"39159050601",4872,8
"39159050602",3945,8
"39159050700",7389,8
"39161020100",4286,1
"39161020200",4516,1
"39161020300",2623,1
"39161020400",2955,1
"39161020500",3128,1
"39161020600",1662,1
"39161020700",1911,1
"39161020800",4330,1
"39161020900",3333,1
"39163953000",5012,7
"39163953100",5466,7
"39163953200",2957,7
"39165030101",4390,2
"39165030102",3942,2
"39165030200",1296,2
"39165030501",3633,2
"39165030503",5517,2
"39165030504",4878,3
"39165030600",3615,2
"39165030700",6371,3
"39165030800",6751,3
"39165030900",12449,3
"39165031000",8180,3
"39165031100",3858,3
"39165031200",7832,3
"39165031300",4853,3
"39165031400",5005,3
"39165031500",5258,3
"39165031600",7791,3
"39165031700",4397,3
"39165031902",9733,3
"39165031903",16114,3
"39165031904",6749,3
"39165032003",7112,3
"39165032004",6229,3
"39165032005",9434,3
"39165032006",3838,3
"39165032007",6467,3
"39165032100",5826,3
"39165032201",18574,3
"39165032202",5774,3
"39165032300",4389,3
"39165032400",4698,3
"39165032501",3560,2
"39165032502",4180,2
"39167020101",3616,7
"39167020102",2320,7
"39167020200",6942,7
"39167020300",3696,7
"39167020400",2330,7
"39167020500",2494,7
"39167020800",3778,7
"39167020900",2450,7
"39167021000",3730,7
"39167021100",4213,7
"39167021200",5777,7
"39167021300",5111,7
"39167021400",4057,7
"39167021500",1545,7
"39167021600",3707,7
"39167021700",6012,7
"39169000100",3578,16
"39169000200",3171,16
"39169000300",2615,16
"39169000500",3536,16
"39169000600",5724,16
"39169000700",6838,16
"39169000800",7029,16
"39169000900",3990,16
"39169001000",2756,16
"39169001100",1388,16
"39169001200",1371,16
"39169001300",4033,16
"39169001400",3011,16
"39169001700",7518,16
"39169001800",3872,16
"39169001900",3081,16
"39169002000",3088,16
"39169002100",2973,16
"39169002200",3826,16
"39169002300",2966,16
"39169002400",3940,16
"39169002500",2539,16
"39169002901",3473,16
"39169002902",5285,16
"39169003000",2166,16
"39169003100",2172,16
"39169003200",3753,16
"39169003300",2898,16
"39169003400",3388,16
"39169003500",3482,16
"39169003700",3810,16
"39169980000",1250,16
"39171950100",4796,10
"39171950200",4082,10
"39171950300",4465,10
"39171950400",4657,10
"39171950500",4305,10
"39171950600",4828,10
"39171950700",4119,10
"39171950800",3486,10
"39171950900",2904,10
"39173020100",5261,9
"39173020200",2967,9
"39173020300",4868,9
"39173020401",5470,9
"39173020402",5125,10
"39173020500",2295,10
"39173020601",4175,10
"39173020602",6894,10
"39173020700",6533,9
"39173020800",3741,9
"39173020900",7235,9
"39173021000",3870,9
"39173021100",4010,9
"39173021200",5555,10
"39173021300",3448,10
"39173021400",3315,10
"39173021500",2453,10
"39173021600",7395,10
"39173021701",3568,10
"39173021702",4754,10
"39173021800",5215,10
"39173021901",3614,10
"39173021902",5080,10
"39173022100",4230,9
"39173022200",2643,9
"39173022300",3964,10
"39173022400",3612,10
"39173022500",4198,10
"39175938000",4491,10
"39175938100",4527,10
"39175938200",3725,10
"39175938300",3480,10
"39175938400",3247,10
"39175938500",3145,10
