"Geography","Population","district"
"39001770100",4864,15
"39001770200",4815,15
"39001770300",6964,15
"39001770400",4948,15
"39001770500",3442,15
"39001770600",3517,15
"39003010100",4405,3
"39003010200",4110,3
"39003010300",1676,10
"39003010600",5138,10
"39003010800",7994,10
"39003010900",4515,10
"39003011000",5445,10
"39003011200",4218,10
"39003011300",7559,10
"39003011400",3056,13
"39003011500",2783,10
"39003011600",2693,10
"39003011800",2346,10
"39003011900",3208,10
"39003012000",2410,10
"39003012100",3455,10
"39003012200",3291,10
"39003012300",4052,10
"39003012400",2710,10
"39003012600",1834,10
"39003012700",1648,10
"39003012900",1741,10
"39003013000",3993,10
"39003013100",2313,10
"39003013200",1774,10
"39003013300",1290,10
"39003013400",2549,10
"39003013600",1375,10
"39003013700",1156,10
"39003013800",2728,10
"39003013900",3406,10
"39003014000",3309,10
"39003014100",2151,10
"39005970100",8353,1
"39005970200",5845,1
"39005970300",3895,1
"39005970400",3837,1
"39005970500",3083,1
"39005970600",5371,1
"39005970700",5288,1
"39005970800",4071,1
"39005970900",4943,1
"39005971000",4779,1
"39005971100",3674,1
"39007000101",4554,6
"39007000102",3483,6
"39007000103",3721,6
"39007000200",4688,6
"39007000300",2214,6
"39007000400",1794,6
"39007000500",4265,6
"39007000601",2746,6
"39007000602",3428,6
"39007000603",4101,6
"39007000701",3292,6
"39007000702",2971,6
"39007000703",3873,6
"39007000704",4041,6
"39007000801",1736,6
"39007000802",5187,6
"39007000900",4780,6
"39007001001",5564,6
"39007001002",3465,6
"39007001101",1973,6
"39007001102",6060,6
"39007001200",7482,6
"39007001301",3927,6
"39007001302",3896,6
"39007001400",8256,6
"39007990000",0,NA
"39009972600",4483,15
"39009972700",3981,15
"39009972800",4500,15
"39009972900",5391,15
"39009973000",3614,15
"39009973101",4527,15
"39009973200",4830,15
"39009973300",3721,15
"39009973400",3347,15
"39009973500",3428,15
"39009973600",3972,15
"39009973700",4140,15
"39009973800",4867,15
"39009973901",6462,15
"39009973902",3494,15
"39011040100",4025,10
"39011040200",4142,10
"39011040300",3645,10
"39011040400",6712,10
"39011040500",5021,10
"39011040600",3851,10
"39011040900",3748,10
"39011041000",3649,10
"39011041100",3992,10
"39011041201",1893,10
"39011041202",5271,10
"39013010100",4264,2
"39013010200",3905,2
"39013010300",3425,2
"39013010600",3712,16
"39013010700",2695,16
"39013010802",2323,16
"39013010900",6798,16
"39013011000",5009,16
"39013011200",3491,16
"39013011300",4019,16
"39013011400",4499,16
"39013011500",1640,16
"39013011600",1250,16
"39013011700",1406,16
"39013011900",3071,2
"39013012000",2643,2
"39013012100",1277,2
"39013012200",6288,16
"39013012300",4104,16
"39013012400",4581,2
"39015951201",4427,11
"39015951202",5041,11
"39015951300",7777,11
"39015951400",4393,15
"39015951500",5423,15
"39015951600",3699,15
"39015951700",2673,15
"39015951800",5270,15
"39015951900",6143,11
"39017000100",4639,9
"39017000200",4226,9
"39017000300",3349,9
"39017000400",4944,9
"39017000500",4575,9
"39017000600",5017,9
"39017001001",5464,9
"39017001002",5087,9
"39017001100",4550,9
"39017001300",4256,9
"39017010101",6819,9
"39017010102",2749,9
"39017010103",5308,9
"39017010104",5265,9
"39017010201",1950,9
"39017010202",4194,9
"39017010203",5515,9
"39017010301",4449,9
"39017010302",3550,9
"39017010500",2377,9
"39017010600",3427,9
"39017010800",6568,9
"39017010901",4349,9
"39017010903",5328,12
"39017010904",3604,9
"39017010906",7155,12
"39017010907",2611,12
"39017010908",5300,12
"39017010909",4716,12
"39017010910",4780,12
"39017010911",4226,9
"39017011002",12210,9
"39017011003",6422,12
"39017011004",6001,12
"39017011109",4389,12
"39017011110",5250,12
"39017011111",6730,12
"39017011112",5537,12
"39017011116",8529,9
"39017011117",11039,9
"39017011118",3014,12
"39017011120",7393,9
"39017011121",7593,9
"39017011122",5068,12
"39017011123",5075,12
"39017011125",3623,12
"39017011126",4811,12
"39017011127",4600,9
"39017011128",3138,12
"39017011129",4246,12
"39017011130",5167,12
"39017011131",3122,12
"39017011200",7802,12
"39017011300",5044,9
"39017011800",5845,9
"39017012100",3245,9
"39017012200",3226,9
"39017012300",2028,9
"39017012400",2322,9
"39017012500",4812,9
"39017012600",2467,9
"39017012700",2983,9
"39017013000",1715,9
"39017013100",2105,9
"39017013200",3327,9
"39017013300",2134,9
"39017013400",2180,9
"39017013500",2876,9
"39017013600",5064,12
"39017013900",2832,9
"39017014000",2687,9
"39017014100",2276,9
"39017014300",4574,9
"39017014400",1882,9
"39017014600",1037,9
"39017014700",4202,9
"39017014800",6773,9
"39017014900",4941,9
"39017015000",7629,9
"39017015100",6818,9
"39019720100",3517,2
"39019720200",3626,2
"39019720300",5274,2
"39019720400",4318,2
"39019720500",5397,2
"39019720600",3451,2
"39019720700",3253,2
"39021010100",1809,13
"39021010200",7260,10
"39021010400",4150,10
"39021010500",4070,13
"39021010600",4130,13
"39021011001",2702,10
"39021011501",4473,10
"39021011504",5194,13
"39021011505",3313,13
"39021011506",2996,13
"39023000200",1559,10
"39023000300",1635,13
"39023000400",2229,13
"39023000500",1880,13
"39023000600",2768,13
"39023000700",2577,10
"39023000901",2475,10
"39023000902",1244,13
"39023001000",1501,13
"39023001101",1452,13
"39023001102",2841,13
"39023001200",4245,13
"39023001300",4124,13
"39023001400",3566,13
"39023001500",4353,13
"39023001600",3885,13
"39023001700",2665,13
"39023001900",2865,10
"39023002000",2205,10
"39023002100",1749,13
"39023002200",4358,13
"39023002301",3238,13
"39023002403",3998,13
"39023002404",3112,10
"39023002501",2078,10
"39023002502",3174,10
"39023002601",3818,10
"39023002602",4067,10
"39023002605",3858,13
"39023002606",7726,13
"39023002701",3173,10
"39023002702",2681,10
"39023002800",4649,10
"39023002901",3743,10
"39023002902",4477,10
"39023003001",3145,10
"39023003002",3574,10
"39023003101",2517,10
"39023003102",1878,10
"39023003200",2798,13
"39023003301",3577,13
"39023003302",2543,13
"39023003400",3700,10
"39023003700",4633,10
"39025040101",5176,11
"39025040102",2689,12
"39025040202",2177,12
"39025040203",6195,12
"39025040204",7181,12
"39025040301",3839,12
"39025040302",3459,12
"39025040303",7207,12
"39025040401",3595,12
"39025040403",2719,12
"39025040404",3758,12
"39025040405",2582,12
"39025040500",5109,12
"39025040600",6817,11
"39025040701",6313,12
"39025040702",4019,12
"39025040800",5890,11
"39025040900",5746,11
"39025041000",7507,11
"39025041101",2782,11
"39025041102",4656,11
"39025041103",8335,11
"39025041200",8350,11
"39025041303",5028,11
"39025041304",37,11
"39025041305",4466,11
"39025041306",4286,11
"39025041307",4840,11
"39025041403",4342,11
"39025041404",4742,11
"39025041405",5472,11
"39025041406",4857,11
"39025041501",6269,11
"39025041502",8080,11
"39025041600",5192,11
"39025041701",4522,11
"39025041702",3306,11
"39025041800",3692,11
"39025041900",5665,11
"39025042000",6466,11
"39027964300",3712,13
"39027964400",5087,11
"39027964500",6300,11
"39027964600",2976,11
"39027964700",5569,11
"39027964800",4942,11
"39027964900",4984,11
"39027965000",4156,11
"39027965100",4314,11
"39029950100",5712,5
"39029950200",4741,5
"39029950300",5100,5
"39029950400",4443,5
"39029950500",6097,5
"39029950600",4951,5
"39029950700",5488,5
"39029950800",4531,5
"39029950900",3999,5
"39029951000",5894,5
"39029951100",4845,5
"39029951200",4567,5
"39029951300",3991,5
"39029951400",7652,5
"39029951500",4654,5
"39029951600",5562,5
"39029951700",5108,5
"39029951800",3279,5
"39029951900",3665,5
"39029952000",2827,5
"39029952100",1521,5
"39029952200",2085,5
"39029952300",3039,5
"39029952400",4090,5
"39031960900",4652,16
"39031961000",4690,16
"39031961100",4373,16
"39031961200",3218,16
"39031961300",3944,16
"39031961400",3348,16
"39031961500",2499,16
"39031961600",2324,16
"39031961700",2863,16
"39031961800",4990,16
"39033974100",3666,4
"39033974200",4345,3
"39033974300",2765,4
"39033974400",3458,4
"39033974500",4102,4
"39033974600",2789,4
"39033974700",4026,4
"39033974800",2221,4
"39033974900",3397,4
"39033975000",3748,4
"39033975100",3052,4
"39033975200",2691,4
"39033975300",3524,4
"39035101101",1783,8
"39035101102",4221,8
"39035101200",2562,8
"39035101300",1629,8
"39035101400",2195,8
"39035101501",2194,8
"39035101603",2471,8
"39035101700",2752,8
"39035101800",2942,8
"39035101901",1692,8
"39035102101",3152,8
"39035102102",2512,8
"39035102200",2750,8
"39035102300",2283,8
"39035102401",2114,8
"39035102402",3250,8
"39035102700",4553,8
"39035102800",2048,8
"39035102900",1961,8
"39035103100",1054,8
"39035103300",2222,8
"39035103400",2770,8
"39035103500",1981,8
"39035103602",3254,8
"39035103800",1993,8
"39035103900",2042,8
"39035104100",1095,8
"39035104200",1143,8
"39035104300",1603,8
"39035104400",1498,8
"39035104600",1190,8
"39035104800",2124,8
"39035104900",2493,8
"39035105100",3790,8
"39035105300",3434,8
"39035105400",3646,8
"39035105500",1854,8
"39035105602",2163,8
"39035105700",4165,8
"39035105900",2968,8
"39035106100",3503,8
"39035106200",3663,8
"39035106300",2764,8
"39035106400",1115,8
"39035106500",2520,8
"39035106600",3222,8
"39035106800",2942,8
"39035106900",3501,8
"39035107000",1646,8
"39035107101",4193,8
"39035107701",1944,8
"39035107802",3334,8
"39035108201",1354,8
"39035108301",1647,7
"39035108400",1237,7
"39035108701",4393,8
"39035109301",1873,8
"39035109701",2212,7
"39035109801",1884,7
"39035110501",851,7
"39035110801",1323,7
"39035110901",3102,8
"39035111202",1444,7
"39035111401",1253,7
"39035111500",1179,7
"39035111600",1130,7
"39035111700",1404,7
"39035111800",878,7
"39035111902",841,7
"39035112100",1762,7
"39035112200",1341,7
"39035112301",1427,7
"39035112400",1189,7
"39035112500",1274,7
"39035112600",1048,7
"39035112800",1015,7
"39035113101",956,7
"39035113500",1221,7
"39035113600",1107,7
"39035113801",2009,7
"39035114100",1121,7
"39035114300",1927,7
"39035114501",1369,7
"39035114600",1284,7
"39035114700",240,7
"39035114900",2199,7
"39035115100",1331,7
"39035115200",950,7
"39035115300",937,7
"39035115400",2275,7
"39035115700",1416,8
"39035115800",3226,8
"39035115900",3671,8
"39035116100",954,7
"39035116200",1146,7
"39035116300",1695,7
"39035116400",2990,7
"39035116500",2593,7
"39035116600",2629,7
"39035116700",1708,7
"39035116800",2808,7
"39035116900",1593,7
"39035117101",2416,7
"39035117102",1213,7
"39035117201",3352,7
"39035117202",1837,7
"39035117300",2580,7
"39035117400",1546,7
"39035117500",2761,7
"39035117600",3044,7
"39035117700",4899,7
"39035117800",2069,7
"39035117900",2541,7
"39035118101",2086,7
"39035118200",2101,7
"39035118301",2486,7
"39035118400",1772,7
"39035118500",994,7
"39035118602",2024,7
"39035118700",3679,7
"39035118800",3081,7
"39035118900",1385,7
"39035119100",127,7
"39035119202",1019,7
"39035119300",3572,7
"39035119401",2133,7
"39035119402",1776,7
"39035119501",2536,7
"39035119502",1772,7
"39035119600",2721,7
"39035119701",2026,7
"39035119702",2227,7
"39035119800",3407,7
"39035119900",2267,7
"39035120200",2296,7
"39035120400",2444,7
"39035120500",2382,7
"39035120600",2892,7
"39035120701",1649,7
"39035120702",2031,7
"39035120801",2292,7
"39035120802",2200,7
"39035121100",2285,7
"39035121200",1764,7
"39035121300",2276,7
"39035121401",1742,7
"39035121403",2833,7
"39035121500",2957,7
"39035121700",3767,7
"39035121800",1696,7
"39035121900",1408,7
"39035122100",3208,7
"39035122200",1832,7
"39035122300",1909,7
"39035123100",2473,8
"39035123200",2987,8
"39035123400",3665,8
"39035123501",3482,8
"39035123502",2443,8
"39035123601",2902,8
"39035123602",3002,8
"39035123603",3212,8
"39035123700",2452,8
"39035123800",2490,8
"39035123900",3036,8
"39035124100",4934,8
"39035124201",2598,8
"39035124202",1679,8
"39035124300",4038,8
"39035124500",3456,8
"39035124600",3970,8
"39035126100",2992,7
"39035127501",3164,7
"39035130103",4526,1
"39035130104",4184,1
"39035130105",3507,8
"39035130106",3434,8
"39035131102",3323,7
"39035131103",4328,7
"39035131104",4302,7
"39035132100",4876,7
"39035132200",2980,7
"39035132301",3287,8
"39035132302",1931,8
"39035133103",3288,7
"39035133104",2676,7
"39035134100",1580,8
"39035134203",3062,1
"39035134204",4381,8
"39035134205",2704,1
"39035134206",2962,8
"39035134300",4404,8
"39035135103",2220,8
"39035135104",4102,8
"39035135105",5915,8
"39035135106",1419,8
"39035136101",6130,8
"39035136102",7407,8
"39035136103",5863,8
"39035137101",2485,8
"39035137102",4455,8
"39035137103",4229,8
"39035138105",1332,8
"39035138106",3363,8
"39035138107",2071,8
"39035138108",3994,8
"39035138109",4216,8
"39035138110",4236,8
"39035140100",1538,7
"39035140301",2279,7
"39035140302",2357,7
"39035140400",3017,7
"39035140500",3309,7
"39035140600",1247,7
"39035140701",2630,7
"39035140702",1796,7
"39035140800",3586,7
"39035140900",1916,7
"39035141000",1295,7
"39035141100",4406,7
"39035141200",3159,7
"39035141300",2661,7
"39035141400",2730,7
"39035141500",1700,7
"39035141601",1718,7
"39035141602",1574,7
"39035141700",1522,7
"39035150100",2522,7
"39035150300",1646,7
"39035150400",1639,7
"39035151100",1154,7
"39035151200",1609,7
"39035151300",2138,7
"39035151400",1270,7
"39035151500",1287,7
"39035151600",1401,7
"39035151700",1388,7
"39035151800",1789,7
"39035152101",2452,7
"39035152102",4791,7
"39035152201",3334,7
"39035152202",4326,7
"39035152301",2718,7
"39035152302",4238,7
"39035152303",3746,7
"39035152400",1969,7
"39035152501",3613,7
"39035152502",2570,7
"39035152603",1065,7
"39035152604",4392,7
"39035152701",2257,7
"39035152702",2480,7
"39035152703",1691,7
"39035153103",2533,8
"39035153104",3133,8
"39035153105",3841,8
"39035153106",3705,8
"39035153107",3614,8
"39035154100",2179,8
"39035154200",1521,8
"39035154300",1085,7
"39035154400",2861,8
"39035154501",3656,8
"39035154502",3120,8
"39035154601",4688,8
"39035154603",3103,8
"39035154604",4049,8
"39035154700",2587,7
"39035155101",5261,7
"39035155102",3084,7
"39035156101",1402,8
"39035156102",5731,8
"39035160100",1966,8
"39035160200",2317,8
"39035160300",2023,8
"39035160400",3397,8
"39035160500",3762,8
"39035160601",4966,8
"39035160602",2942,8
"39035160700",1626,8
"39035160800",979,8
"39035160900",3662,8
"39035161000",1816,8
"39035161100",3763,8
"39035161200",3004,8
"39035161300",2976,8
"39035161400",3505,8
"39035161500",3982,8
"39035161600",2131,8
"39035161700",2166,8
"39035161800",1148,8
"39035170101",2884,7
"39035170102",4958,7
"39035170201",2261,7
"39035170202",3898,7
"39035171102",5055,7
"39035171103",3819,7
"39035171104",4578,7
"39035171203",2625,7
"39035171204",2053,7
"39035171205",2530,7
"39035171206",2478,8
"39035172101",2625,7
"39035172102",3782,7
"39035172103",4914,7
"39035172201",3719,7
"39035172202",4115,7
"39035173103",2780,8
"39035173104",4681,8
"39035173105",2436,8
"39035173106",3540,8
"39035173107",2509,8
"39035174103",3036,1
"39035174104",2511,1
"39035174105",3025,1
"39035174106",3205,8
"39035174107",3809,8
"39035174203",2994,1
"39035174204",3767,1
"39035174205",4542,8
"39035174206",2407,8
"39035174207",3422,8
"39035175103",6705,8
"39035175104",6034,8
"39035175105",4757,8
"39035175106",3173,8
"39035175201",6562,8
"39035175202",3213,8
"39035176100",2216,1
"39035176200",5759,1
"39035177101",4203,8
"39035177103",4092,8
"39035177104",3680,8
"39035177201",3908,8
"39035177202",3362,8
"39035177302",2582,8
"39035177303",4988,8
"39035177304",3601,8
"39035177403",3132,8
"39035177404",2875,8
"39035177405",4563,8
"39035177406",4056,8
"39035177501",4226,8
"39035177503",3617,8
"39035177504",4045,8
"39035177505",4649,8
"39035177604",2095,8
"39035177605",2716,8
"39035177606",3804,8
"39035177607",3747,8
"39035177608",5552,8
"39035177609",2108,8
"39035178101",2977,8
"39035178102",4323,8
"39035178201",3545,8
"39035178204",4644,8
"39035178205",2272,8
"39035178206",2957,8
"39035179101",3105,7
"39035179102",2874,7
"39035180102",3925,7
"39035180103",3611,7
"39035180104",3010,7
"39035181100",6814,8
"39035181201",5370,8
"39035181203",3089,8
"39035181204",4940,8
"39035182103",2533,8
"39035182104",2626,8
"39035182105",3418,8
"39035182106",3227,8
"39035183100",3008,7
"39035183200",2478,7
"39035183300",4464,7
"39035183401",2162,7
"39035183402",1486,7
"39035183501",2714,7
"39035183502",3660,7
"39035183603",1606,7
"39035183604",2487,7
"39035183605",2780,7
"39035183606",1603,7
"39035184103",4065,7
"39035184104",1828,7
"39035184105",4711,7
"39035184106",2290,7
"39035184108",7433,7
"39035185101",2829,7
"39035185102",2696,7
"39035185103",2317,7
"39035185104",3901,7
"39035185201",1511,7
"39035185202",5159,7
"39035185203",3882,7
"39035186103",4365,1
"39035186104",2698,8
"39035186105",3529,8
"39035186106",4461,8
"39035186107",6148,8
"39035186201",5703,8
"39035186202",4635,8
"39035186203",3840,8
"39035186205",5138,1
"39035186206",4233,1
"39035187103",2844,7
"39035187104",3321,7
"39035187105",2176,7
"39035187106",5198,7
"39035188103",3270,7
"39035188104",1897,7
"39035188105",3237,7
"39035188106",2466,7
"39035188107",2561,7
"39035189105",4069,8
"39035189107",5059,8
"39035189108",5114,1
"39035189109",3437,1
"39035189110",4321,1
"39035189111",6812,1
"39035189112",3917,8
"39035190502",2362,1
"39035190503",1761,1
"39035190504",10439,1
"39035192300",1543,8
"39035192800",1197,7
"39035192900",2034,8
"39035193800",1027,7
"39035193900",1241,7
"39035194100",2281,8
"39035194300",3460,7
"39035194500",2270,7
"39035194800",884,7
"39035194900",3323,7
"39035195600",4787,7
"39035195700",4590,8
"39035195800",3885,7
"39035195900",4233,7
"39035196000",1681,7
"39035196100",2805,8
"39035196200",3278,7
"39035196300",3909,7
"39035196400",2726,8
"39035196500",1671,7
"39035980100",1,8
"39035980500",0,8
"39035981100",0,8
"39035990000",0,NA
"39037500100",4102,10
"39037510100",4201,10
"39037520100",3417,10
"39037530100",4489,10
"39037540100",3441,10
"39037550100",3391,10
"39037555000",6486,10
"39037555101",3621,10
"39037555102",3903,10
"39037560100",7191,10
"39037570101",2922,10
"39037570102",5795,10
"39039958100",4572,3
"39039958200",4568,3
"39039958300",4381,3
"39039958400",4136,3
"39039958500",4369,3
"39039958600",3699,3
"39039958700",4538,3
"39039958800",3665,3
"39039958900",5109,3
"39041010100",5256,4
"39041010200",5480,4
"39041010420",2926,4
"39041010421",2182,14
"39041010422",5702,4
"39041010520",5215,14
"39041010530",3217,4
"39041011101",2897,4
"39041011102",4917,4
"39041011200",3276,4
"39041011411",2901,14
"39041011412",4517,14
"39041011413",6575,14
"39041011421",6785,14
"39041011423",6343,4
"39041011430",2807,14
"39041011520",3568,4
"39041011530",3612,4
"39041011540",5547,4
"39041011550",8256,4
"39041011560",8056,4
"39041011561",4513,14
"39041011604",5189,4
"39041011710",6370,4
"39041011730",6999,4
"39041011740",5143,4
"39041011750",6184,4
"39041011760",4240,16
"39041011762",5209,4
"39041011900",5002,14
"39041012000",5129,14
"39041012100",6408,14
"39041012200",4507,4
"39041012300",4471,4
"39041012400",4815,14
"39043040100",5652,4
"39043040200",4035,4
"39043040300",6170,4
"39043040400",5621,4
"39043040500",4805,4
"39043040600",1059,4
"39043040700",3831,4
"39043040800",4398,4
"39043040900",3299,4
"39043041000",3093,4
"39043041100",4109,4
"39043041200",2708,4
"39043041300",3527,4
"39043041400",2829,4
"39043041500",3473,4
"39043041600",5622,4
"39043041700",6612,4
"39043041800",6236,4
"39043990100",0,NA
"39045030100",3851,16
"39045030200",2990,16
"39045030300",3355,15
"39045030400",4561,15
"39045030600",9179,15
"39045030700",3030,15
"39045030800",5436,15
"39045030900",8357,15
"39045031000",5492,15
"39045031100",6088,15
"39045031200",4939,15
"39045031300",3065,15
"39045031400",6771,15
"39045031500",2523,15
"39045031600",6138,15
"39045031700",4085,15
"39045032000",3078,15
"39045032100",3407,15
"39045032200",3772,15
"39045032300",3953,15
"39045032500",6264,15
"39045032600",6763,15
"39045032701",4247,16
"39045032702",7340,16
"39045032800",4291,16
"39045032900",10344,16
"39045033000",4137,15
"39045033100",8700,16
"39047925800",3976,13
"39047925900",3557,13
"39047926000",4171,13
"39047926100",4772,13
"39047926200",4692,13
"39047926300",3538,13
"39047926400",4324,13
"39049000110",3344,14
"39049000120",3162,14
"39049000210",2935,14
"39049000220",3727,14
"39049000310",3147,14
"39049000320",2390,14
"39049000330",2314,14
"39049000410",2419,14
"39049000420",3139,14
"39049000500",4057,14
"39049000600",3780,14
"39049000710",3102,14
"39049000720",2384,14
"39049000730",3090,14
"39049000810",2540,14
"39049000820",3121,14
"39049000910",3409,14
"39049000920",2069,14
"39049001000",5830,14
"39049001110",3688,14
"39049001121",7300,14
"39049001122",3159,14
"39049001200",4822,14
"39049001300",6583,14
"39049001400",1543,14
"39049001500",2031,14
"39049001600",1682,14
"39049001700",2704,14
"39049001810",4434,14
"39049001820",2598,14
"39049001901",2031,14
"39049001902",3410,14
"39049002000",3252,14
"39049002100",1808,14
"39049002200",1851,14
"39049002300",1453,14
"39049002510",2856,14
"39049002520",2648,14
"39049002600",4028,14
"39049002710",1858,14
"39049002730",2104,14
"39049002740",2316,14
"39049002750",2349,14
"39049002760",3066,14
"39049002770",1995,14
"39049002780",2423,14
"39049002800",2629,14
"39049002900",2368,14
"39049003000",3105,14
"39049003200",2147,14
"39049003600",1442,14
"39049003700",3303,14
"39049003800",1896,14
"39049004000",2941,14
"39049004200",1370,14
"39049004300",5613,14
"39049004500",5154,14
"39049004610",3368,13
"39049004620",2659,13
"39049004700",4971,14
"39049004810",2891,13
"39049004820",2589,13
"39049004900",5651,13
"39049005000",5205,14
"39049005100",1928,13
"39049005200",2584,14
"39049005300",3054,14
"39049005410",1362,14
"39049005420",2151,14
"39049005500",4228,14
"39049005610",1784,14
"39049005620",2542,13
"39049005700",3629,13
"39049005810",2548,13
"39049005820",2230,13
"39049005900",2546,13
"39049006000",2345,13
"39049006100",2398,13
"39049006220",6527,14
"39049006230",13127,13
"39049006236",5979,14
"39049006310",4439,14
"39049006321",4086,14
"39049006323",3318,14
"39049006330",4716,14
"39049006340",3105,14
"39049006351",3789,14
"39049006352",2985,14
"39049006353",4462,14
"39049006371",6472,14
"39049006372",5738,14
"39049006383",8813,14
"39049006384",6194,14
"39049006386",3702,14
"39049006387",5527,14
"39049006391",4770,14
"39049006392",4386,14
"39049006393",5239,14
"39049006394",2750,14
"39049006395",3673,14
"39049006396",4289,14
"39049006410",2666,14
"39049006430",4459,14
"39049006500",3646,14
"39049006600",3903,14
"39049006710",2666,14
"39049006721",3390,14
"39049006722",2828,14
"39049006810",2140,14
"39049006821",3327,14
"39049006822",1876,14
"39049006910",1530,14
"39049006921",3431,14
"39049006923",3281,14
"39049006924",3677,14
"39049006931",6249,14
"39049006932",5996,14
"39049006933",5257,14
"39049006942",1167,14
"39049006943",4489,14
"39049006944",4112,14
"39049006945",5353,14
"39049006950",2744,14
"39049006990",6376,14
"39049007010",3802,14
"39049007020",6372,4
"39049007041",2062,14
"39049007043",4047,14
"39049007044",5614,14
"39049007047",3727,14
"39049007048",5672,14
"39049007112",5431,14
"39049007113",4918,14
"39049007114",4823,14
"39049007115",5380,14
"39049007120",5117,14
"39049007132",7422,16
"39049007193",6316,14
"39049007194",6417,14
"39049007198",2812,16
"39049007199",5271,14
"39049007201",613,16
"39049007202",2915,16
"39049007203",3233,16
"39049007205",3710,16
"39049007207",4173,16
"39049007209",5706,16
"39049007210",8200,16
"39049007393",8742,16
"39049007394",2806,16
"39049007395",11281,16
"39049007396",9839,16
"39049007424",5470,14
"39049007425",2867,14
"39049007426",2823,16
"39049007427",6030,16
"39049007492",5738,16
"39049007494",4341,14
"39049007511",1851,14
"39049007512",4053,14
"39049007520",3321,14
"39049007531",2496,14
"39049007532",2080,14
"39049007533",1569,14
"39049007534",3671,14
"39049007550",2871,14
"39049007551",8138,14
"39049007710",4236,14
"39049007721",5155,14
"39049007722",3210,14
"39049007730",2925,14
"39049007740",1653,14
"39049007811",3461,14
"39049007812",4094,14
"39049007820",4095,14
"39049007830",2719,14
"39049007921",7719,13
"39049007922",4101,13
"39049007931",4175,13
"39049007933",7626,14
"39049007941",2588,14
"39049007951",8386,14
"39049007952",7428,14
"39049007953",6569,13
"39049007954",7659,13
"39049008000",5410,13
"39049008110",3973,13
"39049008120",3789,13
"39049008132",6619,13
"39049008141",7575,13
"39049008142",6806,13
"39049008161",7166,13
"39049008162",9125,13
"39049008163",3518,13
"39049008164",4008,13
"39049008210",2210,13
"39049008230",1745,13
"39049008241",2772,14
"39049008242",6425,13
"39049008311",4857,13
"39049008312",4805,13
"39049008321",2299,13
"39049008322",4536,13
"39049008330",1744,13
"39049008340",5988,13
"39049008350",6684,13
"39049008360",6366,13
"39049008370",7384,13
"39049008380",5417,13
"39049008400",2962,14
"39049008500",4280,14
"39049008710",2691,14
"39049008720",3459,13
"39049008730",1761,14
"39049008811",1873,13
"39049008812",3034,13
"39049008813",2326,13
"39049008821",2695,13
"39049008822",4016,13
"39049008825",6296,13
"39049008900",5063,14
"39049009000",3257,14
"39049009100",4737,14
"39049009210",4713,14
"39049009220",2372,14
"39049009230",4429,14
"39049009240",1919,14
"39049009250",1889,14
"39049009311",2879,16
"39049009312",2996,16
"39049009321",2164,14
"39049009322",3205,14
"39049009323",3232,14
"39049009325",4598,14
"39049009326",1747,13
"39049009331",803,14
"39049009332",3100,14
"39049009333",2059,14
"39049009334",2810,14
"39049009336",2738,14
"39049009337",3857,14
"39049009340",2816,14
"39049009350",2700,16
"39049009361",4770,16
"39049009362",6436,16
"39049009371",5528,16
"39049009372",4306,14
"39049009373",5773,16
"39049009374",8056,16
"39049009381",5439,16
"39049009382",2803,16
"39049009383",2273,16
"39049009384",2595,16
"39049009385",3441,16
"39049009386",2764,16
"39049009390",5409,16
"39049009410",2874,16
"39049009420",5793,13
"39049009430",7328,13
"39049009440",4385,13
"39049009450",8864,15
"39049009495",4843,13
"39049009497",1625,13
"39049009520",4308,13
"39049009590",4732,13
"39049009600",4169,13
"39049009711",4352,13
"39049009712",2523,13
"39049009720",6810,13
"39049009740",13583,13
"39049009751",5032,13
"39049009752",6124,13
"39049009800",6745,13
"39049009900",1499,14
"39049010000",5388,16
"39049010100",1020,14
"39049010200",15920,16
"39049010300",2801,13
"39049010400",7499,14
"39049010500",7953,14
"39049010601",4644,13
"39049010602",6239,13
"39049010700",1299,14
"39049980000",2,14
"39051040100",3286,3
"39051040200",4610,3
"39051040300",4819,3
"39051040400",3494,3
"39051040500",4899,3
"39051040600",4430,3
"39051040700",7714,3
"39051040800",4940,3
"39051040900",4506,3
"39053953500",4827,15
"39053953600",4068,15
"39053953700",4344,15
"39053953800",4303,15
"39053953900",7012,15
"39053954000",3752,15
"39053954100",2628,15
"39055310100",2269,6
"39055310200",1991,6
"39055310600",6148,7
"39055310700",4107,7
"39055310800",6621,7
"39055310900",3200,6
"39055311000",3637,6
"39055311300",4412,6
"39055311400",5537,7
"39055311500",5306,7
"39055311600",3810,7
"39055311700",4089,7
"39055311800",7306,7
"39055311900",6443,6
"39055312000",2801,6
"39055312100",4131,6
"39055312201",5410,6
"39055312202",4323,7
"39055312203",4661,6
"39055312300",4643,6
"39055312400",2544,6
"39057200101",2481,10
"39057200103",3713,11
"39057200104",6615,10
"39057200300",3907,10
"39057200400",2064,10
"39057200500",5048,10
"39057200600",3557,11
"39057200700",4520,10
"39057200900",5655,11
"39057210100",5501,10
"39057210200",7897,11
"39057210300",3585,11
"39057210401",4964,11
"39057210402",5133,11
"39057210500",5500,11
"39057210601",8431,11
"39057210602",5400,11
"39057210603",5904,11
"39057220100",7698,11
"39057220200",7553,11
"39057230100",2577,11
"39057240100",2787,11
"39057240200",4699,11
"39057240301",8247,11
"39057240302",3823,11
"39057240500",4465,13
"39057240600",5528,13
"39057240700",2752,11
"39057255000",3364,13
"39057260100",6250,13
"39057270100",3738,13
"39057280101",2568,13
"39057280102",2391,13
"39057280200",1426,13
"39057280300",1832,10
"39059977100",4607,16
"39059977200",4821,16
"39059977300",3629,16
"39059977400",3671,16
"39059977500",3442,16
"39059977600",3124,16
"39059977700",3813,16
"39059977800",4008,16
"39059977900",4515,16
"39059978000",4457,16
"39061000200",1068,11
"39061000700",3498,11
"39061000900",1652,11
"39061001000",1437,11
"39061001100",900,11
"39061001600",1487,11
"39061001700",1488,11
"39061001800",1473,11
"39061001900",1445,11
"39061002000",1352,11
"39061002200",2288,12
"39061002300",1143,12
"39061002500",2433,12
"39061002600",3453,11
"39061002700",1513,11
"39061002800",1343,11
"39061002900",6025,11
"39061003000",3565,12
"39061003200",1622,12
"39061003300",1705,12
"39061003600",1451,12
"39061003700",1923,11
"39061003800",2434,12
"39061003900",1942,12
"39061004000",2118,12
"39061004100",1552,11
"39061004200",1821,11
"39061004500",1064,11
"39061004602",4945,11
"39061004603",2982,11
"39061004604",3513,11
"39061004605",2458,11
"39061004701",2893,11
"39061004702",875,11
"39061004800",3225,11
"39061004900",6278,11
"39061005000",4756,11
"39061005100",2322,11
"39061005200",3371,12
"39061005301",2889,11
"39061005302",3200,11
"39061005400",969,12
"39061005500",3851,12
"39061005600",5470,11
"39061005701",2946,12
"39061005702",4664,12
"39061005800",5137,12
"39061005900",1142,12
"39061006000",5228,12
"39061006100",2733,12
"39061006300",3723,12
"39061006400",3249,12
"39061006500",5921,12
"39061006600",2255,12
"39061006800",3871,12
"39061006900",2822,12
"39061007000",2471,12
"39061007100",3569,12
"39061007200",2264,11
"39061007300",1964,12
"39061007400",1598,12
"39061007500",1882,12
"39061007700",3200,11
"39061007800",2615,12
"39061007900",1372,12
"39061008000",4788,12
"39061008100",2558,12
"39061008201",4018,12
"39061008202",3187,12
"39061008300",4718,12
"39061008400",1998,12
"39061008501",3579,12
"39061008502",1916,12
"39061008601",2217,11
"39061008800",3161,11
"39061009200",4003,11
"39061009300",2848,11
"39061009400",1634,11
"39061009500",2399,11
"39061009600",4456,11
"39061009700",5207,11
"39061009800",2013,11
"39061009901",4461,11
"39061009902",3639,11
"39061010002",5585,11
"39061010003",4473,11
"39061010004",4356,11
"39061010005",1497,11
"39061010100",4598,11
"39061010201",5655,11
"39061010202",2518,11
"39061010300",1713,11
"39061010400",1307,11
"39061010500",1448,11
"39061010600",1317,11
"39061010700",1573,11
"39061010800",812,12
"39061010900",2432,11
"39061011000",2607,12
"39061011100",3452,12
"39061020401",5024,11
"39061020403",5856,11
"39061020404",4880,11
"39061020501",2146,11
"39061020502",4763,12
"39061020504",3743,12
"39061020505",4725,12
"39061020601",6141,11
"39061020602",7121,11
"39061020701",6881,12
"39061020705",3203,12
"39061020707",5197,12
"39061020741",3245,12
"39061020742",4259,12
"39061020761",6714,12
"39061020762",3240,12
"39061020802",5017,11
"39061020811",6219,12
"39061020812",4264,11
"39061020901",3423,11
"39061020902",5493,11
"39061021001",3057,11
"39061021002",3638,11
"39061021003",3028,11
"39061021101",5128,11
"39061021102",6344,11
"39061021201",2099,11
"39061021202",5353,11
"39061021302",5838,11
"39061021303",4821,11
"39061021304",5171,11
"39061021401",5412,11
"39061021421",4342,11
"39061021422",3008,11
"39061021501",4834,12
"39061021504",5935,12
"39061021505",3050,12
"39061021506",3193,12
"39061021508",5941,12
"39061021509",6625,12
"39061021571",3402,12
"39061021572",5845,12
"39061021602",3131,12
"39061021603",3924,12
"39061021604",3638,12
"39061021701",2922,12
"39061021702",4231,12
"39061021801",6117,12
"39061021802",3298,12
"39061021900",1426,12
"39061022000",3846,12
"39061022101",4209,12
"39061022102",6833,12
"39061022200",4436,12
"39061022301",6101,12
"39061022302",5493,12
"39061022400",2155,12
"39061022500",3986,12
"39061022601",5948,12
"39061022602",2711,12
"39061022700",3286,12
"39061023001",4372,12
"39061023002",5130,12
"39061023100",2767,12
"39061023201",2945,12
"39061023210",5352,12
"39061023222",2940,12
"39061023300",3925,12
"39061023400",3611,12
"39061023501",4102,12
"39061023521",2503,12
"39061023522",5997,12
"39061023600",4187,12
"39061023701",2991,12
"39061023702",2636,12
"39061023800",5138,12
"39061023901",4568,12
"39061023902",4753,12
"39061024001",5363,12
"39061024002",2895,12
"39061024100",6747,12
"39061024200",2353,12
"39061024301",3851,12
"39061024303",7024,12
"39061024321",7510,12
"39061024322",7679,12
"39061024400",7524,12
"39061024700",1699,11
"39061024800",3453,11
"39061024901",1116,11
"39061024902",7858,11
"39061025001",6338,11
"39061025002",7333,11
"39061025101",4667,11
"39061025102",7469,11
"39061025103",6712,11
"39061025104",1843,11
"39061025200",4389,12
"39061025300",2685,12
"39061025401",1644,12
"39061025402",3012,12
"39061025500",4141,12
"39061025600",3334,12
"39061025700",2188,12
"39061025800",4368,12
"39061026001",4808,9
"39061026002",4740,9
"39061026101",7840,9
"39061026102",3146,9
"39061026200",1683,9
"39061026300",1217,11
"39061026400",2519,11
"39061026500",2159,11
"39061026600",1518,11
"39061026700",1676,11
"39061026800",1481,11
"39061026900",2233,11
"39061027000",3518,12
"39061027100",4216,12
"39061027200",2368,11
"39061027300",2676,12
"39061027400",4194,12
"39063000100",4208,3
"39063000200",5975,3
"39063000300",8025,3
"39063000400",7338,3
"39063000500",5106,3
"39063000600",6875,3
"39063000700",6144,3
"39063000800",3763,3
"39063000900",6305,3
"39063001000",6275,3
"39063001100",3963,3
"39063001200",5723,3
"39063001300",5082,3
"39065000100",3288,13
"39065000200",4750,13
"39065000300",3750,13
"39065000400",6651,13
"39065000500",4370,13
"39065000600",4060,13
"39065000700",5189,13
"39067975600",3825,2
"39067975700",3861,2
"39067975800",2346,16
"39067975900",2280,16
"39067976000",3552,2
"39069000100",4721,3
"39069000200",3830,3
"39069000300",5209,3
"39069000400",3331,3
"39069000500",3404,3
"39069000600",3569,3
"39069000700",4151,3
"39071954400",4177,13
"39071954500",3990,13
"39071954600",5645,13
"39071954700",6394,13
"39071954800",4301,13
"39071954900",3707,13
"39071955000",4212,13
"39071955100",6298,15
"39071955200",4865,13
"39073964900",4377,15
"39073965000",3879,15
"39073965100",4296,15
"39073965200",4373,15
"39073965300",3680,15
"39073965400",4489,15
"39073965500",4286,15
"39075976301",4617,2
"39075976302",5687,2
"39075976400",8618,2
"39075976500",5189,16
"39075976600",4463,16
"39075976700",4345,16
"39075976801",4816,16
"39075976802",4631,16
"39077915400",5163,4
"39077915500",6155,4
"39077915600",4779,4
"39077915700",4327,4
"39077915800",4735,4
"39077915900",4190,4
"39077916000",4015,4
"39077916100",3625,4
"39077916200",4763,4
"39077916300",3498,4
"39077916400",5114,4
"39077916500",4845,4
"39077916600",4417,4
"39079957200",5037,15
"39079957300",3576,15
"39079957400",5529,15
"39079957500",5785,15
"39079957600",2900,15
"39079957700",5451,15
"39079957800",4947,15
"39081000200",3035,2
"39081000400",3365,2
"39081000600",2326,2
"39081000800",855,2
"39081001000",2352,2
"39081001200",5287,2
"39081001300",1504,2
"39081001400",3792,2
"39081001700",1953,2
"39081011000",1791,5
"39081011100",3088,2
"39081011200",2076,2
"39081011300",2635,2
"39081011401",4292,2
"39081011402",4046,2
"39081011500",5305,2
"39081011700",4426,2
"39081011800",3577,2
"39081011900",3581,2
"39081012000",3140,2
"39081012100",2836,2
"39081012200",2175,2
"39081012300",2272,2
"39083006700",5034,16
"39083006801",5408,16
"39083006802",4718,1
"39083006900",5919,1
"39083007000",2989,1
"39083007100",3763,1
"39083007200",5254,1
"39083007300",6799,16
"39083007400",5583,16
"39083007500",4415,16
"39083007600",4580,16
"39083007700",6459,1
"39085200100",1831,7
"39085200200",2697,7
"39085200300",3014,7
"39085200400",3593,7
"39085200500",3036,7
"39085200600",3369,7
"39085200700",3732,7
"39085200800",3700,7
"39085200900",1949,7
"39085201000",5056,7
"39085201100",4429,7
"39085201200",3334,7
"39085201300",3714,7
"39085201400",4026,7
"39085201500",1985,7
"39085201600",3772,7
"39085201700",5437,7
"39085201800",3705,7
"39085201900",2815,7
"39085202000",5906,7
"39085202100",2373,7
"39085202400",3119,7
"39085202500",4324,6
"39085202600",3868,6
"39085202700",6329,7
"39085202800",6044,7
"39085202900",6839,6
"39085203000",6608,7
"39085203200",3441,7
"39085203400",4299,6
"39085203500",6709,6
"39085203700",3282,7
"39085204000",3109,6
"39085204200",4027,6
"39085204301",1613,6
"39085204302",6579,6
"39085204400",3162,6
"39085204500",4069,6
"39085204700",4700,6
"39085204800",5159,6
"39085204900",5983,6
"39085205001",5887,6
"39085205002",6146,6
"39085205100",6168,6
"39085205200",3253,6
"39085205300",2504,6
"39085205400",1663,6
"39085205701",4875,6
"39085205702",2900,6
"39085205800",1292,6
"39085205900",1130,6
"39085206000",5508,6
"39085206100",3184,6
"39085206200",1561,6
"39085206300",4832,6
"39085206400",4701,7
"39085206500",3022,7
"39085206600",4679,7
"39085990000",0,NA
"39087050100",2509,15
"39087050200",2444,15
"39087050300",2437,15
"39087050400",3159,15
"39087050500",6717,15
"39087050600",1429,15
"39087050700",3719,15
"39087050800",3697,15
"39087050900",2361,15
"39087051001",4603,15
"39087051002",4483,15
"39087051100",6912,15
"39087051200",5178,15
"39087051300",3910,15
"39087051401",5129,15
"39087051402",3763,15
"39089750700",3371,16
"39089751000",2448,16
"39089751300",3583,16
"39089751600",3518,16
"39089751900",4292,16
"39089752200",4761,16
"39089752500",3968,16
"39089752800",6816,16
"39089753100",5165,16
"39089753300",7284,16
"39089753600",2039,16
"39089753900",4665,16
"39089754101",7421,16
"39089754102",2291,16
"39089754400",5948,16
"39089754700",6552,16
"39089755000",6569,16
"39089755300",7078,16
"39089755600",5186,16
"39089755900",6882,16
"39089756201",2444,16
"39089756202",8021,16
"39089756500",4466,16
"39089756800",7723,16
"39089757100",3852,16
"39089757400",6272,16
"39089757700",7446,16
"39089758300",2757,16
"39089758600",7086,16
"39089758900",5959,16
"39089759000",3371,16
"39089759100",7258,16
"39091003800",3862,13
"39091003900",4561,10
"39091004000",2536,10
"39091004100",2813,10
"39091004200",1898,10
"39091004300",5849,10
"39091004400",5117,13
"39091004500",4343,13
"39091004600",5086,13
"39091004700",5355,13
"39091004800",4438,10
"39093010200",4268,1
"39093010300",5261,1
"39093010400",2819,1
"39093013100",9693,1
"39093013200",11500,1
"39093021100",3336,1
"39093021200",5801,1
"39093022100",1930,1
"39093022200",2565,1
"39093022400",4150,1
"39093022500",1609,1
"39093022601",2798,1
"39093022800",4736,1
"39093023000",5359,1
"39093023100",3462,1
"39093023200",3071,1
"39093023300",2517,1
"39093023400",2084,1
"39093023500",2191,1
"39093023600",2845,1
"39093023700",5204,1
"39093023800",1720,1
"39093023900",1581,1
"39093024000",1764,1
"39093024100",2911,1
"39093024200",4391,1
"39093028100",3982,1
"39093030100",6545,4
"39093050100",3069,1
"39093050200",3447,1
"39093050300",7979,1
"39093050400",2419,1
"39093057100",3766,1
"39093060100",4023,1
"39093060200",5151,1
"39093070101",3596,1
"39093070102",5404,1
"39093070200",1929,1
"39093070300",3284,1
"39093070400",4776,1
"39093070500",3223,1
"39093070600",4495,1
"39093070700",2370,1
"39093070800",1124,1
"39093070901",2216,1
"39093070902",3422,1
"39093071000",2185,1
"39093071100",4439,1
"39093071201",4422,1
"39093071202",4383,1
"39093071300",4806,1
"39093071400",3188,1
"39093071500",2057,1
"39093077100",3609,1
"39093080101",2230,1
"39093080103",4520,1
"39093080104",3641,1
"39093080500",5973,1
"39093080600",5630,1
"39093080700",7471,1
"39093090100",3289,1
"39093090200",3751,1
"39093091100",3331,1
"39093091200",4506,1
"39093092100",2483,4
"39093093100",3245,1
"39093094100",7967,1
"39093095100",7935,1
"39093096100",6222,1
"39093097100",3055,1
"39093097200",7690,1
"39093097300",3309,1
"39093097400",10233,1
"39093990200",0,NA
"39095000200",4333,4
"39095000300",4848,4
"39095000400",3676,4
"39095000600",4535,4
"39095000700",5145,4
"39095000800",1576,4
"39095000900",2547,4
"39095001000",3776,4
"39095001100",2473,4
"39095001201",2246,4
"39095001202",3306,4
"39095001301",2694,3
"39095001302",2231,3
"39095001303",3157,4
"39095001400",1795,4
"39095001500",1661,4
"39095001600",3265,4
"39095001700",1795,4
"39095001800",2797,4
"39095001900",1728,4
"39095002000",1973,4
"39095002100",2903,4
"39095002200",1556,4
"39095002300",1500,4
"39095002401",3759,3
"39095002402",1684,4
"39095002500",2195,4
"39095002600",1345,4
"39095002700",1055,4
"39095002800",1611,4
"39095002900",1954,4
"39095003000",2202,4
"39095003100",1244,4
"39095003200",1412,4
"39095003300",1701,4
"39095003400",775,4
"39095003500",1529,4
"39095003600",1666,4
"39095003700",1409,4
"39095003900",5309,4
"39095004000",2184,4
"39095004200",1926,4
"39095004400",4138,4
"39095004501",2704,4
"39095004503",2587,3
"39095004504",3413,4
"39095004600",2478,4
"39095004701",3046,4
"39095004702",3829,4
"39095004800",3467,4
"39095004900",3045,4
"39095005000",1870,4
"39095005100",4740,4
"39095005200",3475,4
"39095005300",2082,4
"39095005400",3227,4
"39095005501",3018,4
"39095005502",3043,4
"39095005503",2217,4
"39095005600",5412,4
"39095005701",3481,4
"39095005702",4818,4
"39095005703",2544,4
"39095005801",3460,4
"39095005802",4762,4
"39095005901",2580,4
"39095005902",4103,4
"39095006000",2420,3
"39095006100",3180,4
"39095006200",2504,4
"39095006300",3002,4
"39095006400",2417,3
"39095006500",2279,3
"39095006600",2625,3
"39095006700",1673,3
"39095006800",4877,3
"39095006900",2570,3
"39095007001",4136,3
"39095007002",1981,3
"39095007101",4336,3
"39095007102",3812,3
"39095007202",3697,3
"39095007203",4063,3
"39095007204",4187,3
"39095007205",5101,3
"39095007301",4744,3
"39095007302",3620,3
"39095007303",5037,3
"39095007400",5477,3
"39095007500",4053,3
"39095007600",4579,3
"39095007700",3362,3
"39095007800",3807,3
"39095007901",2121,3
"39095007902",5540,3
"39095008000",4073,3
"39095008100",3911,3
"39095008201",4673,3
"39095008202",5880,3
"39095008203",7507,3
"39095008301",5809,3
"39095008302",1636,3
"39095008400",4814,3
"39095008500",3905,3
"39095008600",5397,3
"39095008700",8135,3
"39095008800",7328,3
"39095008901",5211,3
"39095008902",6125,3
"39095009000",12417,3
"39095009101",4345,3
"39095009102",5399,3
"39095009201",7860,3
"39095009202",7406,3
"39095009300",1598,3
"39095009400",2616,3
"39095009500",3012,3
"39095009600",3361,3
"39095009700",3100,4
"39095009800",4405,4
"39095009900",4455,4
"39095010001",4115,4
"39095010002",3303,4
"39095010100",4145,4
"39095010200",2422,4
"39095010300",2256,4
"39095010400",3981,3
"39095990000",0,NA
"39097040101",2282,13
"39097040102",5091,13
"39097040201",2757,13
"39097040202",2655,13
"39097040400",2612,13
"39097040500",4528,13
"39097040600",5448,13
"39097040700",3095,13
"39097041000",4949,13
"39097041100",4761,13
"39097041200",3043,13
"39097041300",2214,13
"39099800300",1266,6
"39099800400",951,6
"39099800500",4375,6
"39099800600",1403,6
"39099801000",1628,6
"39099801100",2338,6
"39099801200",1618,6
"39099801300",2330,6
"39099801400",2101,6
"39099801500",1898,6
"39099801600",3021,6
"39099801700",1257,6
"39099802100",1139,6
"39099802300",1033,6
"39099802400",2890,6
"39099802500",1504,6
"39099802600",1806,6
"39099802701",3153,6
"39099802702",2854,6
"39099802800",2716,6
"39099802900",2486,6
"39099803000",1970,6
"39099804000",2395,6
"39099804100",1455,6
"39099804200",2200,6
"39099804300",968,6
"39099810100",4305,6
"39099810200",2147,6
"39099810300",1755,6
"39099810600",3104,6
"39099810700",5346,6
"39099810800",2265,6
"39099810900",2244,6
"39099811001",4119,6
"39099811002",7499,6
"39099811100",1155,6
"39099811200",2487,6
"39099811300",6380,6
"39099811400",3387,6
"39099811500",5759,6
"39099811600",3642,6
"39099811700",2602,6
"39099811800",1600,6
"39099811901",4433,6
"39099811902",3320,6
"39099812001",5666,6
"39099812002",4100,6
"39099812100",9699,5
"39099812200",6465,5
"39099812301",3911,6
"39099812302",6475,6
"39099812400",2888,6
"39099812500",5529,6
"39099812601",4249,6
"39099812602",5279,6
"39099812603",8391,6
"39099812700",2114,6
"39099812800",3759,6
"39099812900",4339,5
"39099813000",4531,5
"39099813200",4399,5
"39099813300",3241,5
"39099813400",3538,5
"39099813500",7377,5
"39099813600",8324,6
"39099813700",3080,6
"39099813800",3067,6
"39099813900",2150,6
"39099814000",3340,6
"39099814100",2608,6
"39101000100",1262,3
"39101000200",3425,3
"39101000300",2352,3
"39101000400",3985,3
"39101000501",2711,3
"39101000502",2440,3
"39101000600",4665,3
"39101000700",2529,3
"39101000800",2421,3
"39101000900",4648,3
"39101001000",3156,3
"39101001100",2440,3
"39101010100",5181,3
"39101010201",5231,3
"39101010202",4760,3
"39101010300",5357,14
"39101010400",4694,3
"39101010500",5244,14
"39103400100",7646,8
"39103402000",5127,1
"39103403001",3250,1
"39103403002",2911,1
"39103404000",3970,1
"39103405000",4445,8
"39103406000",5211,1
"39103407000",6005,1
"39103408001",2752,1
"39103408002",1801,1
"39103408003",2977,1
"39103408100",7332,1
"39103408201",4220,1
"39103408202",5517,1
"39103408301",3620,1
"39103408302",10213,1
"39103409001",2265,1
"39103409002",4792,1
"39103410000",4157,1
"39103411001",1718,1
"39103411002",2864,1
"39103412000",4114,2
"39103413000",5614,1
"39103415100",3788,8
"39103415200",4265,1
"39103415300",4600,1
"39103415400",4579,1
"39103415800",6651,1
"39103416000",5653,1
"39103416100",4863,1
"39103416200",3762,1
"39103416300",2602,1
"39103416400",3390,1
"39103417000",8428,1
"39103417100",6307,1
"39103417200",6806,1
"39103417300",4117,1
"39105964100",4209,15
"39105964200",4808,15
"39105964300",4808,15
"39105964400",3521,15
"39105964500",3092,15
"39105964600",3332,15
"39107967200",3769,10
"39107967300",4417,10
"39107967400",4602,10
"39107967500",5296,10
"39107967600",2785,10
"39107967700",6168,10
"39107967800",1951,10
"39107967900",6825,10
"39107968000",5001,10
"39109300100",4464,10
"39109315001",3985,10
"39109315002",4384,10
"39109315100",5994,10
"39109315300",5219,10
"39109320100",3594,10
"39109325000",2855,10
"39109330100",3399,10
"39109340100",5085,10
"39109345000",4810,10
"39109350100",7940,10
"39109355001",5868,10
"39109355002",1745,10
"39109365000",8618,10
"39109365101",3494,10
"39109365102",5118,10
"39109365200",3908,10
"39109365301",5439,10
"39109365302",5866,10
"39109380100",5802,10
"39109390100",4919,10
"39111966600",3619,16
"39111966700",3773,16
"39111966800",3931,16
"39111966900",3319,16
"39113000100",3053,9
"39113000200",2433,9
"39113000300",1957,9
"39113000400",4263,9
"39113000500",3968,9
"39113000600",1840,9
"39113000700",2615,9
"39113000801",3964,9
"39113000802",2383,9
"39113000900",3133,9
"39113001000",1356,9
"39113001100",4245,9
"39113001200",1325,9
"39113001501",3866,10
"39113001600",2072,10
"39113001700",763,10
"39113001800",6117,10
"39113001900",4456,10
"39113002000",3031,10
"39113002200",2903,10
"39113002300",3144,10
"39113002400",2469,10
"39113002500",5063,10
"39113002600",5565,9
"39113002700",1993,9
"39113002800",2160,9
"39113002900",4076,9
"39113003000",2717,9
"39113003100",2703,9
"39113003201",3442,9
"39113003300",4793,9
"39113003402",3904,9
"39113003403",3481,9
"39113003404",2291,9
"39113003500",2381,9
"39113003800",3231,9
"39113003900",2373,9
"39113004100",2517,9
"39113004200",2447,9
"39113004300",2036,9
"39113004400",2252,9
"39113004600",1500,9
"39113010100",2129,9
"39113010200",7073,9
"39113020100",2863,9
"39113020200",2893,9
"39113020300",2628,9
"39113020400",6568,9
"39113020500",1427,9
"39113020601",1843,9
"39113020602",1607,9
"39113020700",3139,9
"39113020800",2381,9
"39113020900",2630,9
"39113021000",1741,9
"39113021100",3286,9
"39113021200",1735,9
"39113021301",2848,11
"39113021302",2258,11
"39113021400",2616,11
"39113021501",2863,11
"39113021502",1598,9
"39113021601",2047,9
"39113021602",3359,11
"39113021700",2471,9
"39113021800",2113,9
"39113021900",2067,9
"39113030100",4650,9
"39113030200",2496,9
"39113040101",1880,9
"39113040102",2087,9
"39113040103",2643,9
"39113040201",2811,9
"39113040203",2734,11
"39113040204",4603,9
"39113040302",5484,9
"39113040303",5079,9
"39113040305",2948,11
"39113040306",5237,9
"39113040401",5100,9
"39113040403",4140,9
"39113040405",5717,9
"39113040406",6144,9
"39113050101",4099,9
"39113050103",8833,9
"39113050104",2525,9
"39113050105",4592,9
"39113050301",3304,9
"39113050302",5324,9
"39113050303",3932,9
"39113050401",5163,9
"39113050402",2250,9
"39113050502",2891,9
"39113050503",6453,9
"39113050504",6358,9
"39113050600",3835,9
"39113060100",2887,9
"39113060200",1755,9
"39113060300",3757,9
"39113070101",4175,9
"39113070102",3569,9
"39113070201",1571,9
"39113070202",2035,9
"39113070300",2776,9
"39113070400",2539,9
"39113070500",4365,9
"39113070600",1198,9
"39113070700",3415,9
"39113080100",5823,9
"39113080200",2766,9
"39113080300",2190,9
"39113080400",3216,9
"39113080500",6624,10
"39113080600",1573,10
"39113080700",2135,10
"39113090302",6296,10
"39113090303",3480,10
"39113090304",6583,10
"39113090600",3556,10
"39113090700",1437,10
"39113090800",1334,11
"39113090900",3537,11
"39113091000",2550,9
"39113091100",3013,10
"39113100101",6313,10
"39113100102",5787,10
"39113100201",4593,10
"39113100202",2575,10
"39113100203",4828,10
"39113100301",4426,10
"39113100302",3243,10
"39113100400",4759,10
"39113110100",1317,10
"39113110201",4614,10
"39113110202",3047,10
"39113115002",4073,10
"39113115011",5465,10
"39113115012",5416,10
"39113120101",5293,10
"39113120102",4736,9
"39113120103",3009,9
"39113125000",6306,10
"39113125101",7161,9
"39113125102",6262,10
"39113130101",2474,10
"39113130102",6406,9
"39113140100",5999,9
"39113150100",6335,9
"39113160100",1906,9
"39113165000",6523,9
"39113165100",2687,9
"39113165200",1669,9
"39113980000",0,10
"39115968800",3296,15
"39115968900",4007,15
"39115969000",4271,15
"39115969100",3480,15
"39117965000",4292,4
"39117965100",4643,1
"39117965200",7089,4
"39117965300",6321,4
"39117965400",6115,1
"39117965500",6367,4
"39119911000",4565,16
"39119911100",5879,16
"39119911200",6644,16
"39119911300",5938,16
"39119911400",3804,16
"39119911500",4985,16
"39119911600",5965,16
"39119911700",3375,16
"39119911800",3241,16
"39119911900",2869,16
"39119912000",3138,16
"39119912100",3748,16
"39119912200",3586,16
"39119912300",4289,16
"39119912400",4256,16
"39119912500",4871,15
"39119912600",3322,15
"39119912700",5533,16
"39119912800",6066,16
"39121968300",4051,16
"39121968400",7384,16
"39121968500",3210,16
"39123050100",633,4
"39123050201",1906,4
"39123050202",1692,4
"39123050301",2867,4
"39123050302",2301,4
"39123050500",3213,4
"39123050600",3293,4
"39123050700",3450,4
"39123050800",4056,4
"39123050900",5659,4
"39123051000",5058,4
"39123051100",3780,4
"39123051200",3520,4
"39125960100",3123,3
"39125960200",4339,3
"39125960300",4219,10
"39125960400",4100,3
"39125960500",3833,10
"39127965800",7221,16
"39127965900",6975,15
"39127966000",5032,15
"39127966100",4607,15
"39127966200",6073,15
"39127966300",6150,15
"39129020100",1825,13
"39129020200",2645,13
"39129020310",4820,13
"39129020320",3447,13
"39129020400",2722,13
"39129021100",7559,13
"39129021200",7593,13
"39129021300",3598,13
"39129021401",3366,13
"39129021402",6335,13
"39129021500",3267,13
"39129021600",3555,13
"39129021700",4966,15
"39131952200",5757,15
"39131952300",5497,15
"39131952400",3330,15
"39131952500",3744,15
"39131952600",5918,15
"39131952700",4463,15
"39133600102",3817,6
"39133600103",5473,6
"39133600200",5854,6
"39133600301",8894,6
"39133600302",6654,6
"39133600401",6695,5
"39133600402",4668,5
"39133600403",4842,5
"39133600500",5670,6
"39133600602",2843,6
"39133600603",4074,6
"39133600703",1799,6
"39133600704",1744,6
"39133600705",2586,5
"39133600706",2919,5
"39133600800",3409,5
"39133600901",4100,5
"39133600902",5505,5
"39133601000",2613,5
"39133601100",5306,5
"39133601200",4930,5
"39133601300",6899,5
"39133601400",4584,5
"39133601501",2118,5
"39133601502",7117,5
"39133601503",4402,5
"39133601600",4071,5
"39133601701",5714,5
"39133601702",5716,5
"39133601801",3812,5
"39133601802",4413,5
"39133601901",2740,5
"39133601902",2822,5
"39133602000",5298,5
"39133602100",7318,5
"39135400100",3309,9
"39135410100",2258,10
"39135420100",4594,10
"39135430100",2790,9
"39135440100",3859,9
"39135450100",2119,9
"39135455001",2427,9
"39135455002",5685,9
"39135460100",2926,9
"39135470101",3562,9
"39135470102",4339,9
"39135480100",4402,9
"39137030100",4398,3
"39137030200",5823,3
"39137030300",7845,3
"39137030400",3397,3
"39137030500",3804,3
"39137030600",4252,3
"39137030700",4980,10
"39139000400",2480,1
"39139000500",3731,1
"39139000600",3273,1
"39139000700",2771,1
"39139000800",2821,1
"39139000900",4612,1
"39139001000",5590,1
"39139001100",2600,1
"39139001200",3759,1
"39139001300",3118,1
"39139001400",2245,1
"39139001500",2136,1
"39139001600",1845,1
"39139001700",5386,1
"39139001800",3653,1
"39139001900",6219,1
"39139002000",5619,1
"39139002101",5150,1
"39139002102",4679,1
"39139002200",7006,1
"39139002300",6314,4
"39139002400",5577,4
"39139002500",4204,4
"39139002600",4921,4
"39139002700",5242,4
"39139002800",3730,4
"39139002900",4191,4
"39139003001",5298,1
"39139003002",3877,1
"39139003100",2428,1
"39141955500",6002,15
"39141955601",2207,15
"39141955602",5781,15
"39141955603",3949,15
"39141955700",5677,15
"39141955800",7595,15
"39141955900",4219,15
"39141956000",5160,15
"39141956100",3621,15
"39141956200",2360,15
"39141956300",3138,15
"39141956400",3381,15
"39141956500",3915,15
"39141956600",5244,15
"39141956700",5159,15
"39141956800",6089,15
"39141956900",4567,15
"39143960800",3604,4
"39143960900",3246,4
"39143961000",4213,4
"39143961100",4165,4
"39143961200",3993,4
"39143961300",4426,4
"39143961400",2964,4
"39143961500",4210,4
"39143961600",3049,4
"39143961700",3419,4
"39143961800",4316,4
"39143961900",3527,4
"39143962000",6416,4
"39143962100",5008,4
"39143962200",4388,4
"39145002100",5101,15
"39145002200",4839,15
"39145002300",5307,15
"39145002400",5780,15
"39145002500",3169,15
"39145002600",4336,15
"39145002700",4955,15
"39145002800",4743,15
"39145002900",6259,15
"39145003000",3914,15
"39145003100",3300,15
"39145003200",1773,15
"39145003300",2432,15
"39145003400",3705,15
"39145003500",2601,15
"39145003600",2577,15
"39145003700",2859,15
"39145003800",4613,15
"39145003900",3200,15
"39145004000",4036,15
"39147962500",3928,4
"39147962600",4129,4
"39147962700",3529,3
"39147962800",3460,3
"39147962900",4107,3
"39147963000",3413,3
"39147963100",4607,3
"39147963200",4211,3
"39147963300",3900,3
"39147963400",4102,4
"39147963500",3809,4
"39147963600",4397,4
"39147963700",5074,3
"39147963800",4079,3
"39149971400",4227,10
"39149971500",5222,10
"39149971600",4907,10
"39149971700",4513,10
"39149971800",5632,10
"39149971900",4136,10
"39149972000",4079,10
"39149972100",5318,10
"39149972200",5637,10
"39149972300",5752,10
"39151700100",1269,2
"39151700200",5906,2
"39151700300",2587,2
"39151700400",4630,2
"39151700500",3041,2
"39151700600",3290,2
"39151700700",6956,2
"39151700800",3797,2
"39151701000",3539,2
"39151701100",3258,2
"39151701200",3701,2
"39151701300",4096,2
"39151701500",2988,2
"39151701700",3231,2
"39151701800",2263,2
"39151702100",3390,2
"39151702300",3140,2
"39151702500",3233,2
"39151710200",4635,5
"39151710300",3602,5
"39151710400",1034,5
"39151710500",4469,5
"39151710600",4805,5
"39151710700",3757,5
"39151710800",5393,5
"39151710900",4356,5
"39151711000",7805,5
"39151711111",4864,5
"39151711112",5010,5
"39151711121",6530,5
"39151711122",5752,5
"39151711202",4225,2
"39151711211",6863,2
"39151711212",2614,2
"39151711311",8083,2
"39151711312",7035,2
"39151711321",3687,2
"39151711322",2973,2
"39151711402",6865,2
"39151711411",3834,2
"39151711412",4728,2
"39151711501",3791,2
"39151711502",3359,2
"39151711600",6023,2
"39151711700",5441,2
"39151711800",4831,2
"39151711900",4970,2
"39151712000",4325,2
"39151712102",7709,2
"39151712111",5962,2
"39151712112",1820,2
"39151712201",6412,2
"39151712202",5671,2
"39151712300",6020,2
"39151712400",6908,2
"39151712500",1862,2
"39151712601",2561,2
"39151712602",5080,2
"39151712700",5220,2
"39151712800",4657,2
"39151712900",3960,2
"39151713000",3902,2
"39151713100",5903,2
"39151713201",7214,2
"39151713202",2160,2
"39151713300",4640,2
"39151713401",5116,2
"39151713402",4375,2
"39151713501",5378,2
"39151713502",5621,2
"39151713600",2496,2
"39151713700",2458,2
"39151713900",1912,2
"39151714000",3950,2
"39151714100",3336,2
"39151714200",2960,2
"39151714302",3958,2
"39151714400",3754,2
"39151714600",4286,2
"39151714701",5826,2
"39151714702",2584,2
"39151714801",6546,2
"39151714802",2834,2
"39151714901",3961,2
"39151714902",3675,2
"39151715000",2925,2
"39153501100",1482,5
"39153501700",1448,5
"39153501800",1054,5
"39153501900",2465,5
"39153502101",3001,5
"39153502102",4202,5
"39153502200",5642,5
"39153502300",5273,5
"39153502500",1184,5
"39153502600",3054,5
"39153502700",6574,5
"39153502800",4243,5
"39153503100",1911,5
"39153503200",1829,5
"39153503300",5606,5
"39153503400",1478,5
"39153503500",3739,5
"39153503600",4352,5
"39153503701",5770,5
"39153503702",5769,5
"39153503800",3903,5
"39153504100",1222,5
"39153504200",1977,5
"39153504400",1491,5
"39153504500",1934,5
"39153504600",3376,5
"39153504700",4378,5
"39153504800",4810,5
"39153505200",1550,5
"39153505300",1791,5
"39153505400",3835,5
"39153505500",2688,5
"39153505600",1394,5
"39153505700",2837,5
"39153505800",4872,5
"39153505900",2423,5
"39153506100",5331,5
"39153506200",4049,5
"39153506400",2910,5
"39153506500",2965,5
"39153506600",2586,5
"39153506700",1608,5
"39153506800",2141,5
"39153507101",5195,5
"39153507102",2782,5
"39153507201",2517,5
"39153507202",3573,5
"39153507203",4334,5
"39153507300",3314,5
"39153507400",1062,5
"39153507500",6246,5
"39153507600",4248,5
"39153508000",4737,5
"39153508301",2153,5
"39153508399",4626,5
"39153508600",2913,5
"39153508800",5775,5
"39153508900",5255,5
"39153509000",1802,5
"39153510100",3129,2
"39153510200",4250,2
"39153510301",5339,2
"39153510302",5943,2
"39153510400",3840,2
"39153510500",4439,2
"39153520103",2099,5
"39153520104",4308,5
"39153520105",4177,5
"39153520106",2346,5
"39153520201",2752,5
"39153520202",4826,5
"39153520301",3387,5
"39153520302",3594,5
"39153520400",4728,5
"39153520500",4541,5
"39153520600",3766,5
"39153530101",5089,7
"39153530103",4828,8
"39153530104",7345,7
"39153530105",2269,6
"39153530108",4340,7
"39153530401",3402,5
"39153530402",3695,5
"39153530501",5368,5
"39153530502",3239,5
"39153530603",4574,5
"39153530604",3474,5
"39153530605",5330,5
"39153530606",5755,5
"39153530700",2519,5
"39153530800",6630,5
"39153530901",4346,5
"39153530902",6216,5
"39153530903",5077,5
"39153531001",3704,5
"39153531002",5622,5
"39153531101",3122,5
"39153531102",4287,5
"39153531103",3044,5
"39153531401",7559,2
"39153531405",4195,5
"39153531500",8224,2
"39153531601",4304,2
"39153531602",3114,2
"39153531701",3852,2
"39153531702",4308,2
"39153531801",5254,2
"39153531802",4529,5
"39153532001",3813,2
"39153532003",4399,1
"39153532004",3874,5
"39153532202",6468,5
"39153532301",5605,5
"39153532302",5783,5
"39153532501",3216,8
"39153532502",2949,8
"39153532600",2764,8
"39153532701",6891,8
"39153532702",3677,8
"39153532703",5839,8
"39153532705",7151,8
"39153532706",3796,8
"39153532708",5453,8
"39153532901",1501,5
"39153532902",8193,5
"39153532999",5721,2
"39153533000",1688,2
"39153533101",4572,5
"39153533102",2619,5
"39153533200",5815,5
"39153533400",6061,5
"39153533501",8186,5
"39153533502",3734,5
"39153534000",6495,5
"39153534100",2761,8
"39155920300",2820,6
"39155920400",2569,6
"39155920500",956,6
"39155920600",3745,6
"39155920700",4839,6
"39155920800",2399,6
"39155920900",3443,6
"39155921000",5455,6
"39155921100",3930,6
"39155921200",2135,6
"39155921300",2456,6
"39155921400",3324,6
"39155921500",5669,6
"39155921600",4248,6
"39155930101",3034,6
"39155930102",2645,6
"39155930200",2743,6
"39155930300",3689,6
"39155930400",4241,6
"39155930500",6115,6
"39155930600",3717,6
"39155930700",4286,6
"39155930800",4870,6
"39155930900",7148,6
"39155931000",5964,6
"39155931100",2495,6
"39155931200",3997,6
"39155931300",4264,6
"39155931400",4590,6
"39155931500",3906,6
"39155931601",4603,6
"39155931602",2996,6
"39155931700",2023,6
"39155931900",5982,6
"39155932000",5997,6
"39155932200",2802,6
"39155932300",5758,6
"39155932500",3263,6
"39155932600",3722,6
"39155932701",5816,6
"39155932702",2598,6
"39155932801",3029,6
"39155932802",3647,6
"39155932900",2357,6
"39155933001",5803,6
"39155933002",4149,6
"39155933100",2601,6
"39155933301",2616,6
"39155933302",4617,6
"39155933400",3417,6
"39155933500",3903,6
"39155933600",4965,6
"39155933700",2863,6
"39155933800",2843,6
"39155933900",2250,6
"39157020100",4922,2
"39157020200",3892,2
"39157020300",3348,2
"39157020400",5697,2
"39157020500",5365,2
"39157020600",5079,2
"39157020700",6301,2
"39157020800",6128,2
"39157020900",4016,2
"39157021000",4691,2
"39157021100",2798,2
"39157021200",2899,2
"39157021300",4798,2
"39157021400",2505,16
"39157021500",7616,2
"39157021600",4434,16
"39157021700",5474,16
"39157021800",2867,16
"39157021900",2603,16
"39157022001",3620,16
"39157022002",3529,16
"39159050100",3887,13
"39159050200",4710,13
"39159050301",3885,13
"39159050303",6648,13
"39159050304",2346,13
"39159050400",9340,13
"39159050500",5278,13
"39159050601",4872,13
"39159050602",3945,13
"39159050700",7389,13
"39161020100",4286,10
"39161020200",4516,10
"39161020300",2623,10
"39161020400",2955,10
"39161020500",3128,10
"39161020600",1662,10
"39161020700",1911,10
"39161020800",4330,10
"39161020900",3333,10
"39163953000",5012,15
"39163953100",5466,15
"39163953200",2957,15
"39165030101",4390,9
"39165030102",3942,9
"39165030200",1296,9
"39165030501",3633,9
"39165030503",5517,9
"39165030504",4878,9
"39165030600",3615,9
"39165030700",6371,12
"39165030800",6751,12
"39165030900",12449,9
"39165031000",8180,11
"39165031100",3858,11
"39165031200",7832,11
"39165031300",4853,11
"39165031400",5005,11
"39165031500",5258,11
"39165031600",7791,12
"39165031700",4397,12
"39165031902",9733,12
"39165031903",16114,12
"39165031904",6749,12
"39165032003",7112,12
"39165032004",6229,12
"39165032005",9434,12
"39165032006",3838,12
"39165032007",6467,12
"39165032100",5826,11
"39165032201",18574,11
"39165032202",5774,12
"39165032300",4389,11
"39165032400",4698,11
"39165032501",3560,9
"39165032502",4180,9
"39167020101",3616,15
"39167020102",2320,15
"39167020200",6942,15
"39167020300",3696,15
"39167020400",2330,15
"39167020500",2494,15
"39167020800",3778,15
"39167020900",2450,15
"39167021000",3730,16
"39167021100",4213,16
"39167021200",5777,16
"39167021300",5111,15
"39167021400",4057,15
"39167021500",1545,15
"39167021600",3707,15
"39167021700",6012,15
"39169000100",3578,2
"39169000200",3171,2
"39169000300",2615,2
"39169000500",3536,2
"39169000600",5724,2
"39169000700",6838,2
"39169000800",7029,2
"39169000900",3990,2
"39169001000",2756,2
"39169001100",1388,2
"39169001200",1371,2
"39169001300",4033,2
"39169001400",3011,2
"39169001700",7518,2
"39169001800",3872,2
"39169001900",3081,2
"39169002000",3088,2
"39169002100",2973,2
"39169002200",3826,2
"39169002300",2966,2
"39169002400",3940,2
"39169002500",2539,2
"39169002901",3473,2
"39169002902",5285,2
"39169003000",2166,2
"39169003100",2172,2
"39169003200",3753,2
"39169003300",2898,2
"39169003400",3388,2
"39169003500",3482,2
"39169003700",3810,2
"39169980000",1250,2
"39171950100",4796,3
"39171950200",4082,3
"39171950300",4465,3
"39171950400",4657,3
"39171950500",4305,3
"39171950600",4828,3
"39171950700",4119,3
"39171950800",3486,3
"39171950900",2904,3
"39173020100",5261,4
"39173020200",2967,4
"39173020300",4868,4
"39173020401",5470,3
"39173020402",5125,3
"39173020500",2295,3
"39173020601",4175,3
"39173020602",6894,3
"39173020700",6533,3
"39173020800",3741,4
"39173020900",7235,4
"39173021000",3870,4
"39173021100",4010,3
"39173021200",5555,3
"39173021300",3448,3
"39173021400",3315,3
"39173021500",2453,3
"39173021600",7395,3
"39173021701",3568,3
"39173021702",4754,3
"39173021800",5215,3
"39173021901",3614,3
"39173021902",5080,3
"39173022100",4230,3
"39173022200",2643,3
"39173022300",3964,3
"39173022400",3612,3
"39173022500",4198,3
"39175938000",4491,3
"39175938100",4527,3
"39175938200",3725,3
"39175938300",3480,3
"39175938400",3247,3
"39175938500",3145,3
