"Geography","District"
"39133601701","16"
"39153505200","11"
"39139001000","7"
"39049008380","3"
"39151711800","7"
"39061024303","2"
"39049007044","12"
"39153530800","14"
"39061021604","2"
"39035177405","9"
"39139001500","12"
"39153503800","11"
"39093023800","9"
"39139000900","7"
"39049009600","15"
"39035101400","11"
"39061021504","1"
"39103408201","7"
"39157021500","7"
"39061027300","2"
"39049008141","15"
"39103408302","16"
"39153507101","11"
"39049009440","15"
"39103408100","16"
"39049006396","15"
"39077915900","7"
"39141955700","15"
"39049006921","3"
"39151713300","7"
"39153520301","14"
"39119912700","12"
"39049007393","12"
"39061001100","1"
"39049007425","12"
"39153531001","16"
"39049008811","3"
"39151712201","7"
"39035102700","11"
"39151713402","7"
"39049009590","3"
"39049007492","3"
"39049007953","15"
"39035105300","11"
"39049008370","15"
"39141956300","15"
"39093023900","4"
"39123050800","9"
"39101010100","4"
"39047926000","10"
"39035134206","9"
"39153507102","11"
"39049009520","3"
"39049008161","3"
"39049006386","12"
"39049008400","15"
"39157021200","7"
"39139002000","7"
"39107967500","5"
"39049007043","12"
"39035990000","11"
"39151710600","13"
"39103408202","16"
"39153506400","13"
"39151713501","7"
"39049005810","15"
"39119911900","6"
"39145002400","2"
"39141955602","2"
"39153505600","11"
"39035177101","16"
"39049004300","3"
"39049006722","12"
"39049006371","15"
"39153504600","11"
"39035101603","11"
"39153531101","16"
"39151702500","7"
"39049001901","15"
"39047926300","15"
"39145002500","6"
"39035177404","16"
"39153502500","13"
"39095007203","5"
"39151711412","16"
"39049008330","3"
"39061024321","1"
"39047926200","10"
"39145003100","2"
"39153507201","11"
"39093050300","4"
"39061021509","2"
"39049001820","3"
"39153503400","11"
"39035177608","16"
"39049008825","15"
"39049000500","12"
"39153506100","11"
"39049001122","3"
"39061004100","2"
"39035107000","11"
"39153502300","11"
"39035134205","16"
"39061011100","1"
"39153504500","13"
"39153532600","13"
"39141956700","2"
"39061004000","2"
"39145003000","6"
"39153531103","16"
"39049008822","3"
"39151712112","7"
"39095007301","9"
"39095006300","5"
"39049008241","3"
"39061021603","2"
"39153504200","11"
"39153502200","13"
"39049007194","12"
"39049008340","3"
"39153520105","13"
"39151711600","7"
"39095004501","9"
"39095007202","5"
"39155930102","13"
"39107968000","8"
"39049010000","12"
"39049005100","3"
"39049001300","3"
"39153501700","13"
"39093092100","4"
"39153508900","13"
"39153509000","11"
"39153504400","11"
"39061001900","2"
"39049007394","12"
"39009973700","15"
"39153507500","13"
"39153531002","13"
"39103416000","16"
"39139001700","12"
"39093024100","9"
"39119912800","6"
"39009973600","6"
"39103408301","7"
"39049009495","3"
"39095007205","5"
"39049007198","3"
"39107967600","4"
"39095005801","5"
"39153532902","14"
"39141956000","2"
"39061024322","1"
"39049006220","12"
"39153507400","11"
"39103416100","7"
"39049009450","15"
"39153505900","13"
"39153508399","11"
"39153504100","13"
"39077915400","4"
"39049000600","12"
"39035181100","9"
"39093095100","7"
"39049001902","15"
"39049007424","3"
"39153532901","13"
"39049007941","3"
"39107967900","8"
"39093023700","9"
"39049005200","15"
"39153503100","13"
"39049007210","12"
"39049007396","3"
"39095006400","5"
"39049001200","12"
"39049008162","15"
"39061003700","1"
"39107967700","8"
"39061006000","2"
"39119911500","12"
"39095004504","5"
"39049009711","15"
"39093091200","7"
"39153508000","13"
"39139001600","12"
"39157021700","6"
"39153503600","13"
"39035104900","11"
"39095006500","9"
"39049009497","15"
"39047925900","10"
"39153532302","11"
"39035105500","9"
"39119911300","12"
"39151713401","16"
"39035105602","9"
"39049005700","15"
"39153502600","13"
"39049000420","12"
"39049003000","3"
"39049007010","12"
"39049007921","15"
"39093097200","9"
"39049010300","15"
"39095007204","5"
"39049004000","3"
"39101010300","4"
"39077916500","7"
"39049008813","3"
"39061024400","1"
"39153501100","11"
"39043040300","4"
"39095008400","5"
"39155930900","13"
"39061026700","1"
"39153533501","16"
"39119911200","6"
"39035102402","9"
"39153531701","16"
"39049006990","12"
"39157021800","6"
"39119911600","12"
"39035101501","11"
"39153506200","11"
"39049000410","12"
"39061021900","2"
"39035105700","9"
"39151713202","7"
"39061023521","2"
"39153505700","13"
"39049006500","15"
"39047926400","15"
"39049009740","15"
"39151711112","16"
"39049008142","3"
"39049004200","3"
"39049007114","3"
"39153503300","11"
"39049007207","12"
"39095008500","9"
"39035134203","9"
"39095006200","5"
"39049009752","15"
"39061024002","2"
"39061021572","1"
"39095008600","9"
"39061003900","1"
"39049006387","12"
"39093024000","4"
"39035181203","16"
"39093091100","7"
"39093071300","4"
"39119911100","6"
"39141955800","15"
"39139002300","7"
"39139002700","7"
"39157021600","6"
"39061008100","1"
"39151712800","7"
"39061023901","1"
"39153507203","13"
"39133601503","13"
"39035105100","9"
"39061022500","2"
"39049009720","15"
"39035160700","9"
"39061006500","1"
"39153520201","13"
"39151711700","7"
"39153507300","13"
"39049006944","3"
"39151712111","16"
"39153520106","13"
"39049006230","12"
"39049006100","3"
"39153502101","13"
"39035101800","11"
"39035105400","9"
"39049008132","3"
"39139001800","7"
"39107967800","4"
"39093070200","4"
"39049006810","12"
"39151712000","16"
"39139000800","12"
"39145002300","2"
"39145002900","6"
"39049006822","12"
"39153533400","16"
"39153532202","11"
"39153510500","13"
"39049006600","15"
"39049008821","15"
"39035123400","9"
"39049010200","3"
"39061021802","2"
"39049006710","12"
"39049007812","12"
"39049008350","3"
"39049007951","15"
"39061022302","1"
"39035135105","14"
"39103415800","7"
"39153531802","13"
"39153531702","16"
"39093071202","4"
"39049007820","3"
"39151702300","7"
"39035153107","16"
"39093077100","4"
"39093050200","4"
"39139002900","7"
"39035177503","16"
"39133601702","16"
"39035135106","14"
"39061008000","1"
"39093094100","7"
"39061024001","2"
"39151711402","16"
"39099813000","6"
"39103415400","7"
"39141956600","15"
"39061022102","2"
"39151712102","7"
"39151711111","16"
"39035123700","9"
"39049006351","15"
"39061011000","1"
"39035104800","11"
"39049009800","15"
"39061008300","1"
"39043040400","9"
"39133600103","14"
"39061023201","2"
"39049007954","3"
"39049007209","3"
"39089754700","12"
"39035173104","16"
"39133600302","14"
"39103408002","16"
"39155931500","13"
"39035192300","11"
"39061026500","1"
"39033974900","4"
"39035182104","11"
"39035182106","11"
"39153532001","16"
"39103404000","16"
"39033975300","4"
"39173022100","5"
"39035160900","9"
"39035156101","14"
"39165031904","1"
"39035190502","16"
"39161020400","5"
"39095010200","9"
"39133601902","13"
"39035196300","14"
"39061026600","2"
"39109340100","8"
"39037570102","8"
"39035153103","16"
"39035185203","11"
"39099812100","6"
"39083007400","7"
"39035176200","16"
"39135400100","8"
"39035170202","14"
"39149972300","4"
"39035182103","11"
"39035194100","14"
"39029952200","6"
"39035130103","9"
"39149972200","4"
"39175938500","5"
"39017011200","8"
"39035170201","14"
"39035177304","9"
"39017011130","8"
"39117965000","12"
"39033974800","4"
"39077916200","7"
"39035152301","11"
"39035136103","11"
"39049006950","12"
"39085200600","14"
"39035189105","16"
"39151714902","7"
"39035135103","14"
"39035172202","14"
"39151701200","7"
"39035181204","16"
"39093093100","4"
"39035124600","9"
"39061020502","1"
"39035138106","9"
"39035184104","14"
"39049007048","3"
"39165031600","1"
"39035180104","11"
"39035176100","16"
"39061025600","2"
"39145003500","2"
"39061004200","2"
"39045032702","15"
"39035186105","16"
"39035154501","11"
"39049007427","3"
"39043041700","9"
"39017014100","8"
"39143961000","4"
"39045030100","15"
"39009973800","15"
"39035131104","11"
"39035189110","16"
"39019720200","6"
"39109380100","8"
"39019720400","6"
"39155931300","13"
"39017010907","8"
"39089756201","12"
"39035152303","11"
"39083007700","7"
"39035101300","11"
"39061023001","1"
"39151713000","7"
"39089755900","12"
"39013011600","6"
"39061022301","1"
"39035196200","11"
"39153530501","14"
"39003013900","4"
"39035177505","16"
"39049007047","3"
"39017010911","8"
"39049009385","3"
"39057280200","10"
"39147962900","4"
"39035182105","11"
"39035189108","16"
"39017010203","8"
"39057280102","10"
"39095005600","9"
"39021011504","4"
"39165030900","1"
"39153532501","11"
"39035175202","16"
"39061020401","1"
"39065000400","5"
"39049007952","15"
"39061026001","1"
"39023002902","8"
"39103412000","16"
"39023002602","8"
"39103413000","16"
"39093080600","7"
"39045032701","15"
"39061020504","1"
"39143962100","4"
"39027964400","15"
"39173021100","5"
"39035196100","11"
"39095005701","9"
"39023002605","8"
"39139002500","7"
"39017011118","8"
"39003014000","4"
"39103407000","7"
"39035138108","9"
"39051040600","5"
"39029952100","6"
"39113160100","10"
"39013011700","6"
"39023003001","8"
"39095005200","9"
"39093028100","4"
"39029951000","6"
"39027964300","15"
"39079957300","6"
"39097041200","15"
"39077916300","7"
"39035154502","11"
"39041011412","12"
"39093013100","7"
"39035190504","16"
"39041011413","12"
"39153530502","14"
"39017011123","8"
"39039958300","5"
"39093090100","7"
"39025040401","2"
"39085200900","14"
"39035156102","14"
"39099812900","6"
"39119912600","12"
"39081012300","6"
"39173020100","5"
"39061010300","1"
"39089755000","12"
"39035179101","11"
"39113125000","10"
"39035192900","14"
"39165032202","1"
"39143961100","4"
"39125960300","5"
"39127965800","15"
"39159050601","4"
"39049006410","15"
"39005970900","7"
"39079957400","6"
"39089758600","12"
"39029950900","6"
"39105964600","6"
"39105964300","6"
"39165032400","1"
"39163953100","15"
"39017012100","8"
"39167020500","6"
"39035980500","9"
"39143961200","4"
"39145003900","2"
"39027964900","15"
"39035136102","11"
"39169002300","16"
"39003011500","4"
"39061026002","1"
"39139001400","12"
"39165031100","1"
"39061026101","1"
"39161020200","5"
"39151712900","7"
"39007001200","14"
"39039958200","5"
"39081011000","6"
"39105964200","6"
"39113120101","10"
"39099811902","13"
"39173021000","5"
"39023003200","8"
"39035186103","16"
"39025040301","2"
"39085201000","14"
"39019720300","6"
"39041011102","12"
"39099813600","6"
"39065000500","5"
"39049009390","3"
"39113130101","10"
"39121968500","6"
"39105964400","6"
"39101010201","4"
"39169001800","16"
"39021010200","4"
"39049001500","3"
"39133601400","13"
"39147963100","4"
"39137030500","5"
"39045030400","15"
"39103411001","7"
"39147962800","4"
"39105964500","6"
"39147962500","4"
"39003010200","4"
"39013011500","6"
"39119912500","12"
"39065000700","5"
"39157020400","7"
"39061010400","1"
"39017011111","8"
"39123050900","5"
"39095008201","5"
"39005970100","7"
"39125960200","5"
"39035160602","9"
"39097040201","15"
"39053954100","6"
"39155921600","13"
"39007001302","14"
"39013010100","6"
"39153533200","14"
"39101001000","4"
"39049007922","15"
"39095009800","9"
"39027965000","15"
"39137030700","5"
"39089754400","12"
"39025040405","2"
"39063000200","5"
"39097040102","15"
"39071954400","2"
"39093080101","7"
"39115968800","15"
"39035177605","16"
"39095005703","9"
"39013010200","6"
"39003011400","4"
"39163953200","15"
"39115969000","15"
"39105964100","6"
"39155930400","14"
"39171950100","5"
"39035177403","9"
"39087051200","6"
"39133601300","13"
"39169001700","16"
"39133602100","16"
"39165030700","1"
"39025040202","2"
"39063000100","5"
"39025041403","2"
"39031960900","7"
"39113110100","10"
"39009973500","15"
"39063001300","5"
"39049008360","3"
"39093080103","7"
"39165030600","1"
"39033974100","4"
"39003010100","4"
"39035111500","11"
"39151710900","7"
"39109350100","8"
"39017010800","8"
"39119911000","6"
"39095008000","5"
"39133601600","13"
"39135420100","8"
"39163953000","15"
"39085205702","14"
"39035103900","11"
"39035127501","11"
"39073965500","15"
"39081011900","6"
"39035194500","14"
"39099801100","13"
"39023002301","8"
"39169002000","16"
"39087050900","6"
"39071954700","2"
"39033974200","4"
"39011040500","4"
"39141955603","15"
"39053953800","6"
"39113040406","10"
"39107967300","5"
"39133602000","16"
"39085200200","14"
"39153533101","14"
"39049005620","3"
"39031961200","7"
"39049009374","3"
"39099810900","13"
"39003010600","4"
"39093010200","9"
"39071954500","2"
"39013011200","6"
"39053954000","6"
"39149971600","4"
"39167021700","6"
"39093080700","7"
"39113100400","10"
"39011040100","4"
"39173022200","5"
"39027964800","15"
"39035180102","11"
"39155932702","13"
"39057200300","10"
"39031961100","7"
"39035153104","16"
"39151700800","7"
"39049010400","12"
"39099811002","13"
"39155931400","13"
"39013011300","6"
"39049009100","3"
"39057220100","10"
"39049006310","15"
"39113050101","10"
"39111966900","6"
"39035141500","11"
"39153504700","13"
"39133601100","13"
"39145002200","6"
"39065000300","5"
"39017010910","8"
"39089758900","12"
"39013011000","6"
"39003013200","4"
"39147963000","4"
"39123050700","5"
"39113090302","10"
"39087051100","6"
"39169000900","16"
"39081001700","6"
"39113050103","10"
"39035186206","16"
"39035178101","16"
"39145002800","6"
"39049001110","3"
"39029950300","6"
"39135460100","8"
"39099802701","13"
"39153501800","11"
"39095008100","5"
"39153520302","13"
"39057260100","10"
"39155930101","14"
"39099801700","13"
"39137030300","5"
"39161020500","5"
"39095010400","9"
"39017013200","8"
"39089754101","12"
"39049001400","3"
"39175938200","5"
"39103415100","16"
"39057230100","10"
"39049003200","15"
"39035177202","9"
"39165031000","1"
"39093057100","4"
"39035132302","11"
"39049002000","15"
"39095001301","9"
"39113080400","10"
"39065000100","5"
"39107967200","5"
"39133600402","13"
"39099812400","13"
"39103409002","7"
"39145002100","6"
"39023003302","8"
"39151710700","13"
"39049009337","3"
"39049005300","3"
"39153501900","11"
"39095005000","9"
"39095004900","9"
"39095000200","9"
"39113000600","10"
"39095008202","5"
"39057270100","10"
"39017010202","8"
"39049002100","15"
"39035123501","9"
"39049004620","3"
"39157021300","7"
"39035118200","11"
"39113001000","10"
"39095007901","5"
"39099812301","13"
"39087051002","6"
"39095003600","9"
"39155932801","13"
"39153503200","11"
"39113090600","10"
"39095010001","9"
"39049005420","3"
"39035183100","11"
"39057210601","10"
"39035185104","11"
"39035123800","9"
"39095001100","9"
"39013011400","6"
"39123051100","5"
"39147963800","4"
"39093071400","4"
"39089751900","12"
"39155931200","13"
"39061002300","1"
"39119912000","12"
"39095007700","5"
"39095009700","9"
"39081012100","6"
"39035134100","9"
"39035152501","11"
"39061022700","1"
"39095009202","5"
"39165032005","1"
"39041011740","12"
"39151711322","16"
"39081011200","6"
"39097040202","15"
"39017013100","8"
"39087050400","6"
"39151712202","7"
"39035102200","9"
"39113021900","10"
"39151713700","7"
"39017011121","8"
"39049006430","15"
"39035178204","16"
"39061026102","1"
"39067975800","6"
"39103417100","16"
"39043041300","9"
"39171950200","5"
"39029950500","6"
"39095009300","5"
"39061009800","1"
"39117965500","12"
"39061021571","1"
"39035115400","11"
"39139003100","12"
"39005971000","7"
"39117965200","12"
"39043040500","9"
"39035103800","11"
"39041011561","12"
"39093070102","4"
"39053953600","6"
"39049008710","3"
"39061022200","2"
"39167020102","6"
"39017001002","8"
"39045033100","15"
"39159050100","4"
"39141956100","2"
"39157021100","7"
"39045032800","15"
"39171950900","5"
"39095009201","5"
"39153532003","16"
"39099811400","13"
"39061023522","2"
"39139002600","7"
"39035115300","11"
"39133601501","13"
"39153510301","13"
"39153530901","13"
"39045030200","15"
"39093023400","9"
"39153533102","14"
"39145002700","6"
"39035151400","11"
"39099811001","13"
"39113050502","10"
"39113115011","10"
"39155930800","13"
"39113050104","10"
"39043041800","4"
"39061023210","2"
"39103410000","7"
"39049009373","3"
"39095005502","9"
"39113021400","10"
"39035183401","11"
"39159050400","4"
"39113150100","10"
"39035134204","9"
"39035177302","9"
"39155921200","13"
"39153508800","11"
"39093070600","4"
"39035138110","9"
"39035154400","11"
"39167020900","6"
"39099801500","13"
"39043040200","9"
"39061003200","1"
"39035155102","14"
"39103416200","7"
"39089753600","12"
"39017010301","8"
"39049000730","3"
"39035177303","9"
"39099802400","13"
"39035130105","9"
"39095005702","9"
"39035124100","9"
"39087050300","6"
"39017011125","8"
"39133600705","16"
"39035141700","11"
"39161020800","5"
"39049000120","12"
"39113130102","10"
"39071954600","2"
"39015951500","2"
"39089757700","12"
"39133601901","13"
"39095001700","9"
"39093022800","9"
"39139001200","12"
"39113080300","10"
"39079957700","6"
"39113021501","10"
"39017000100","8"
"39171950600","5"
"39035137101","9"
"39025040102","2"
"39095001201","9"
"39049007730","3"
"39031961300","7"
"39077915500","4"
"39129021500","15"
"39035189112","16"
"39061004702","2"
"39067975900","6"
"39093022601","9"
"39017000500","8"
"39139002200","12"
"39081011800","6"
"39015951600","2"
"39035172102","14"
"39155931602","13"
"39025041501","2"
"39029952300","6"
"39029951500","6"
"39049003600","3"
"39087050100","6"
"39095007600","5"
"39035152201","11"
"39049006923","3"
"39043041200","9"
"39113021000","10"
"39099802100","13"
"39113021301","10"
"39153530401","14"
"39093060200","4"
"39035140600","11"
"39061021506","1"
"39159050304","4"
"39113000801","10"
"39169003100","16"
"39169000200","16"
"39113001900","10"
"39025041406","2"
"39085205300","14"
"39157020500","7"
"39061010004","1"
"39087050200","6"
"39095009600","5"
"39049002740","3"
"39167021200","6"
"39085206200","14"
"39005971100","7"
"39103409001","7"
"39143960800","4"
"39133601200","13"
"39093096100","7"
"39061021508","1"
"39137030600","5"
"39007000802","14"
"39113060200","10"
"39083007000","7"
"39029950700","6"
"39093071201","4"
"39041012400","12"
"39017014300","8"
"39099810300","13"
"39165032006","1"
"39153533502","16"
"39079957200","6"
"39159050200","4"
"39153530604","14"
"39153531801","13"
"39035116400","11"
"39095008800","5"
"39095010002","9"
"39049002760","3"
"39049000820","3"
"39153502700","13"
"39113050600","10"
"39085201500","14"
"39035122100","11"
"39093090200","7"
"39023003700","8"
"39153530103","14"
"39035101200","11"
"39061006300","1"
"39123051000","5"
"39169001900","16"
"39099812601","13"
"39099802702","13"
"39035117500","11"
"39009973101","15"
"39035124202","9"
"39049006236","12"
"39007000703","14"
"39151714901","7"
"39061023100","1"
"39153507202","13"
"39061005302","2"
"39035121900","11"
"39113165000","10"
"39155921500","13"
"39169002100","16"
"39061020505","1"
"39017011116","8"
"39091004300","4"
"39003011800","4"
"39151711000","7"
"39035154604","11"
"39017010201","8"
"39095004000","9"
"39049006372","15"
"39153506800","11"
"39085205400","14"
"39095004701","9"
"39095004702","9"
"39049004810","3"
"39035152702","11"
"39031961800","7"
"39153502102","13"
"39035120802","11"
"39045030700","15"
"39153532301","11"
"39035115700","11"
"39035124500","9"
"39035112301","11"
"39153505500","13"
"39145003800","2"
"39151701500","7"
"39035112200","11"
"39035175201","16"
"39151712500","7"
"39099813400","6"
"39099813900","13"
"39025041600","2"
"39139001100","12"
"39099811800","13"
"39035130104","9"
"39003012200","4"
"39085200400","14"
"39155930600","13"
"39035106500","9"
"39023002702","8"
"39035123603","9"
"39063000700","5"
"39097041100","15"
"39055312300","14"
"39153520400","13"
"39133600401","13"
"39113091100","10"
"39173021902","5"
"39119912100","12"
"39035194800","11"
"39055311700","14"
"39099802600","13"
"39139001900","7"
"39049008230","3"
"39037560100","8"
"39149972100","4"
"39035118400","11"
"39113021800","10"
"39049008900","3"
"39099802500","13"
"39155932701","13"
"39061001700","1"
"39035104600","11"
"39065000200","5"
"39035119402","11"
"39093010400","9"
"39035152603","11"
"39023001101","8"
"39025040900","2"
"39035152400","11"
"39109300100","8"
"39035110501","11"
"39011040600","4"
"39151711312","16"
"39035112400","11"
"39133600102","14"
"39073965000","15"
"39103405000","16"
"39035194900","11"
"39101000100","4"
"39035184106","14"
"39035152701","11"
"39089752500","12"
"39095001302","9"
"39053953500","6"
"39061020902","1"
"39017010904","8"
"39049006323","15"
"39035118101","11"
"39095005300","9"
"39095005501","9"
"39049007722","3"
"39095000800","9"
"39035119300","11"
"39153532701","14"
"39113020400","10"
"39019720700","6"
"39153508301","11"
"39035185201","11"
"39151710300","13"
"39007000101","14"
"39041010420","12"
"39095006700","9"
"39129021200","15"
"39069000500","5"
"39095002900","9"
"39153530402","14"
"39139002800","7"
"39095007302","9"
"39061021602","2"
"39101000200","4"
"39049008321","3"
"39035177607","16"
"39081000800","6"
"39063000300","5"
"39055311000","14"
"39081012000","6"
"39061004500","2"
"39061008202","1"
"39061025500","2"
"39049006330","15"
"39035119900","11"
"39011041201","4"
"39085205002","14"
"39061002000","2"
"39093070300","4"
"39027965100","15"
"39155920400","13"
"39049000810","3"
"39085202800","14"
"39003012900","4"
"39023003102","8"
"39023002200","8"
"39169000500","16"
"39139002400","7"
"39153531500","16"
"39169001200","16"
"39045032100","15"
"39061005100","2"
"39055311900","14"
"39039958100","5"
"39045031000","15"
"39113002600","10"
"39153531405","16"
"39065000600","5"
"39035151700","11"
"39085204400","14"
"39005970500","7"
"39131952700","2"
"39061009700","1"
"39035175105","16"
"39035185101","11"
"39095003000","9"
"39061004800","2"
"39035154603","11"
"39133601000","13"
"39023000400","8"
"39061002700","1"
"39035137103","9"
"39081000200","6"
"39061023800","2"
"39049009372","3"
"39139000500","12"
"39035120200","11"
"39153510400","13"
"39095000900","9"
"39049004700","3"
"39053953700","6"
"39093990200","9"
"39153534100","14"
"39169001400","16"
"39113003500","10"
"39169003300","16"
"39061002800","1"
"39049008500","15"
"39017000200","8"
"39151711311","16"
"39061026300","1"
"39155930700","13"
"39025041702","2"
"39095008700","5"
"39113010200","10"
"39025041303","2"
"39029950400","6"
"39147963600","4"
"39035152604","11"
"39133600603","13"
"39049006383","12"
"39011041202","4"
"39113040403","10"
"39049003700","3"
"39153532708","14"
"39089753100","12"
"39151710200","13"
"39037500100","8"
"39143960900","4"
"39049009361","3"
"39013010700","6"
"39057200600","10"
"39133600800","13"
"39095004600","9"
"39113004600","10"
"39029950600","6"
"39099811600","13"
"39085203500","14"
"39061022400","1"
"39035171204","11"
"39023001000","8"
"39041011530","12"
"39061023002","1"
"39155933302","13"
"39057210200","10"
"39035115200","11"
"39151715000","7"
"39015951400","2"
"39093071100","4"
"39049006000","3"
"39109345000","8"
"39035151300","11"
"39035120600","11"
"39089752800","12"
"39007000701","14"
"39095008203","5"
"39145002600","6"
"39153530108","14"
"39171950500","5"
"39095002200","9"
"39113020700","10"
"39035161700","9"
"39061024100","2"
"39133600706","13"
"39061025800","1"
"39049006321","15"
"39035102102","9"
"39041012000","12"
"39089756202","12"
"39049007933","15"
"39033975100","4"
"39055311800","14"
"39175938400","5"
"39085201400","14"
"39093022100","9"
"39035117101","11"
"39007001400","14"
"39035120702","11"
"39165030800","1"
"39147962700","4"
"39151712400","7"
"39033975000","4"
"39035106600","9"
"39173020601","5"
"39139003002","12"
"39095006100","5"
"39099810700","13"
"39029951700","6"
"39041012200","12"
"39113001200","10"
"39019720100","6"
"39101000600","4"
"39061010900","1"
"39157022001","6"
"39085205900","14"
"39113021302","10"
"39015951202","2"
"39155933301","13"
"39109315001","8"
"39141955500","15"
"39151714600","7"
"39061001000","1"
"39113003300","10"
"39087051401","6"
"39047925800","10"
"39165031200","1"
"39061021505","1"
"39017010600","8"
"39057240600","10"
"39109355002","8"
"39043041100","9"
"39153532703","14"
"39089755300","12"
"39167020101","6"
"39119912300","12"
"39155920600","13"
"39147963300","4"
"39001770400","2"
"39085201800","14"
"39061005800","2"
"39061005900","2"
"39035102300","9"
"39167021600","6"
"39079957800","6"
"39113100201","10"
"39035175104","16"
"39133600500","14"
"39169003000","16"
"39093070500","4"
"39085204500","14"
"39077916600","7"
"39049005500","3"
"39085203700","14"
"39099812602","13"
"39093070700","4"
"39095007002","5"
"39075976400","7"
"39157021400","7"
"39035173105","16"
"39035102101","9"
"39041011421","12"
"39095009101","5"
"39057280300","10"
"39049002520","3"
"39085204900","14"
"39049008164","3"
"39049009381","3"
"39085201200","14"
"39017000400","8"
"39035178205","16"
"39003014100","4"
"39035101102","11"
"39049009350","3"
"39099802300","13"
"39061020403","1"
"39069000300","5"
"39035171103","11"
"39035171206","11"
"39169002902","16"
"39113040204","10"
"39159050301","4"
"39099810800","13"
"39035183501","11"
"39155933001","13"
"39061021003","1"
"39049007532","3"
"39109365000","8"
"39061008601","1"
"39035186104","16"
"39035113101","11"
"39095007303","9"
"39035155101","14"
"39013012200","6"
"39169002400","16"
"39093023600","9"
"39089751300","12"
"39013010600","6"
"39009973000","15"
"39085201100","14"
"39013011900","6"
"39035178102","16"
"39101000700","4"
"39071954800","2"
"39157020300","7"
"39095004200","9"
"39013010900","6"
"39035119100","11"
"39025041900","2"
"39103400100","16"
"39035117202","11"
"39049006353","15"
"39155933800","13"
"39035186202","16"
"39089750700","12"
"39113020100","10"
"39103408003","16"
"39035186203","16"
"39049006821","12"
"39035124300","9"
"39035118700","11"
"39035152302","11"
"39093023300","9"
"39051040300","5"
"39035111202","11"
"39017014400","8"
"39037530100","8"
"39075976302","7"
"39153503500","11"
"39007000103","14"
"39023001700","8"
"39043040100","9"
"39035178206","16"
"39035131102","11"
"39119911400","12"
"39093097300","9"
"39061022101","2"
"39035108201","11"
"39151711121","16"
"39049007112","3"
"39121968400","6"
"39153530700","14"
"39035123200","9"
"39165032007","1"
"39117965400","12"
"39025040204","2"
"39035177504","16"
"39017000300","8"
"39005970800","7"
"39061020501","1"
"39097040600","15"
"39035150100","11"
"39057200500","10"
"39085206600","14"
"39051040400","5"
"39035153105","16"
"39035161000","9"
"39013012300","6"
"39139000400","12"
"39063000600","5"
"39049002600","3"
"39035104400","11"
"39021010400","4"
"39077916400","7"
"39025041103","2"
"39035118500","11"
"39023001200","8"
"39025040303","2"
"39049009312","3"
"39099800600","13"
"39049006924","3"
"39153531601","16"
"39011040200","4"
"39061024902","2"
"39007000102","14"
"39095007902","5"
"39035109801","11"
"39169003500","16"
"39157022002","6"
"39061025401","2"
"39123050500","9"
"39113080100","10"
"39025041304","2"
"39049007551","3"
"39007990000","14"
"39113090900","10"
"39099803000","13"
"39087050800","6"
"39003013600","4"
"39025040404","2"
"39099811100","13"
"39049009334","3"
"39133601801","16"
"39153520202","13"
"39035152202","11"
"39049000920","3"
"39157021900","6"
"39061025300","2"
"39073964900","15"
"39153531401","16"
"39049009321","3"
"39017010103","8"
"39113003402","10"
"39061023701","2"
"39113040101","10"
"39153520103","13"
"39081001400","6"
"39017010102","8"
"39035108400","11"
"39155932802","13"
"39155933002","13"
"39165032003","1"
"39049009384","3"
"39059977100","6"
"39061023400","2"
"39151711321","16"
"39035111401","11"
"39035173106","16"
"39061023902","1"
"39017011003","8"
"39095007500","9"
"39151700100","7"
"39049007205","12"
"39135410100","8"
"39099810600","13"
"39153510200","13"
"39087050500","6"
"39113050402","10"
"39049008730","3"
"39139001300","12"
"39035121200","11"
"39157020900","7"
"39061008501","1"
"39061005600","2"
"39081011402","6"
"39035119600","11"
"39035183200","11"
"39097041300","15"
"39023003101","8"
"39109365102","8"
"39081011100","6"
"39113040306","10"
"39035119401","11"
"39035117700","11"
"39035160500","9"
"39003013300","4"
"39041010421","12"
"39143961900","4"
"39035112500","11"
"39035195600","11"
"39035160601","9"
"39113002500","10"
"39113001800","10"
"39081000600","6"
"39017000600","8"
"39129021300","15"
"39085203200","14"
"39119912400","12"
"39165031500","1"
"39095001600","9"
"39003013100","4"
"39113110201","10"
"39049007531","3"
"39113030100","10"
"39079957500","6"
"39061021401","1"
"39035119701","11"
"39089753900","12"
"39017012600","8"
"39027964500","15"
"39009972900","15"
"39049009751","15"
"39035116600","11"
"39113004200","10"
"39059977900","6"
"39035161300","9"
"39061024901","2"
"39049004820","3"
"39113050401","10"
"39169001100","16"
"39155921000","13"
"39021011001","4"
"39077915600","4"
"39061007100","1"
"39035186107","16"
"39113100101","10"
"39049006395","15"
"39061007300","1"
"39035112600","11"
"39113021100","10"
"39049002750","3"
"39043040900","9"
"39101000400","4"
"39169000100","16"
"39073965200","15"
"39099804300","13"
"39113050302","10"
"39061005301","2"
"39087050600","6"
"39009972600","15"
"39017001001","8"
"39069000600","5"
"39113050504","10"
"39083006801","7"
"39129021402","15"
"39035140302","11"
"39113125101","10"
"39153532004","16"
"39035160800","9"
"39025040701","2"
"39113000500","10"
"39167020200","6"
"39099804000","13"
"39113070202","10"
"39035187106","11"
"39099812700","13"
"39119911800","12"
"39035117201","11"
"39035186205","16"
"39035101901","11"
"39035118602","11"
"39151712601","7"
"39053953900","6"
"39155933500","13"
"39061010003","1"
"39049009410","3"
"39095000400","9"
"39085202000","14"
"39035109301","11"
"39151700600","7"
"39061025104","2"
"39023002606","8"
"39035188104","11"
"39083007300","7"
"39045031300","15"
"39061009500","1"
"39095002401","9"
"39007000400","14"
"39145004000","2"
"39099810100","13"
"39055310600","14"
"39025041405","2"
"39155920700","13"
"39085205001","14"
"39035141602","11"
"39049002800","3"
"39095001900","9"
"39061010500","1"
"39017011126","8"
"39061007700","1"
"39035152703","11"
"39049007710","3"
"39049007511","3"
"39073965300","15"
"39153530104","14"
"39169000800","16"
"39061003000","1"
"39035103100","11"
"39049001700","3"
"39025041306","2"
"39135470101","8"
"39113001700","10"
"39061025103","2"
"39023002502","8"
"39035183502","11"
"39091004000","4"
"39113980000","10"
"39017015100","8"
"39025041701","2"
"39023003400","8"
"39059977600","6"
"39149971900","4"
"39061002500","1"
"39085205800","14"
"39037555000","8"
"39061009300","1"
"39025041502","2"
"39085201300","14"
"39061007400","1"
"39055310100","14"
"39063000400","5"
"39129021401","15"
"39113020900","10"
"39049007931","15"
"39035183606","11"
"39021010100","4"
"39049001810","3"
"39035123502","9"
"39113060300","10"
"39061020812","1"
"39029951200","6"
"39061025402","2"
"39035104200","11"
"39151714200","7"
"39113050105","10"
"39017011112","8"
"39041011520","12"
"39169003700","16"
"39045032600","15"
"39113030200","10"
"39061025102","2"
"39007001001","14"
"39113000300","10"
"39045031500","15"
"39061020761","1"
"39049000320","3"
"39133601802","16"
"39101010202","4"
"39071955100","2"
"39085201900","14"
"39095002700","9"
"39113003201","10"
"39041011540","12"
"39151713600","7"
"39035120500","11"
"39017010901","8"
"39001770300","2"
"39093030100","9"
"39061021002","1"
"39017010500","8"
"39089752200","12"
"39041011423","12"
"39023002403","8"
"39035174105","16"
"39147963400","4"
"39035121401","11"
"39153520104","13"
"39057240302","10"
"39083006900","7"
"39007001101","14"
"39167020400","6"
"39007001002","14"
"39115968900","15"
"39049002770","3"
"39035161500","9"
"39081012200","6"
"39063000800","5"
"39035153106","16"
"39061023300","2"
"39141955900","2"
"39169001000","16"
"39025040302","2"
"39113040401","10"
"39061023600","2"
"39035112100","11"
"39023002100","8"
"39049006721","12"
"39035185103","11"
"39035175103","16"
"39061020811","1"
"39035106200","9"
"39035161600","9"
"39039958800","5"
"39049007203","12"
"39061020701","1"
"39123050600","9"
"39157020100","7"
"39035108701","11"
"39023002901","8"
"39045032500","15"
"39155931700","13"
"39095003300","9"
"39057200103","10"
"39061008800","1"
"39007000200","14"
"39113060100","10"
"39095001202","9"
"39017014000","8"
"39155920900","13"
"39157021000","7"
"39151700200","7"
"39143961400","4"
"39113004400","10"
"39169003200","16"
"39035138107","9"
"39061021422","1"
"39023002000","8"
"39061004701","2"
"39017011122","8"
"39113070102","10"
"39145003200","2"
"39035195800","14"
"39049005000","3"
"39049008312","3"
"39021011501","4"
"39171950800","5"
"39035107701","11"
"39061009400","1"
"39113165100","10"
"39061006600","1"
"39091004700","4"
"39173021701","5"
"39009973901","15"
"39049007132","3"
"39155933400","13"
"39035193800","11"
"39017011800","8"
"39017014900","8"
"39085206500","14"
"39035106100","9"
"39061023702","2"
"39151711122","16"
"39083007600","7"
"39035121300","11"
"39023003301","8"
"39061020901","1"
"39155920500","13"
"39103411002","7"
"39113000802","10"
"39173022400","5"
"39035177406","9"
"39061008400","1"
"39129020200","15"
"39113070700","10"
"39039958700","5"
"39109355001","8"
"39035160400","9"
"39035980100","11"
"39055310900","14"
"39155921100","13"
"39057220200","10"
"39069000200","5"
"39143962000","4"
"39049010500","12"
"39171950300","5"
"39035154300","11"
"39035116100","11"
"39017015000","8"
"39061022601","2"
"39153530101","14"
"39049009333","3"
"39017014800","8"
"39035116900","11"
"39159050500","4"
"39113080600","10"
"39049009382","3"
"39171950400","5"
"39095008301","5"
"39035107101","11"
"39113000400","10"
"39061021001","1"
"39151714400","7"
"39113021700","10"
"39129021700","15"
"39159050303","4"
"39035119501","11"
"39095008902","5"
"39173020300","5"
"39007000801","14"
"39049006943","3"
"39149971500","4"
"39125960500","5"
"39039958600","5"
"39091004800","4"
"39095007101","5"
"39141956900","2"
"39035120801","11"
"39049006340","15"
"39005970400","7"
"39031961400","7"
"39173020602","5"
"39035119702","11"
"39055312400","14"
"39035171102","11"
"39131952600","2"
"39039958900","5"
"39035123900","9"
"39035114700","11"
"39067976000","6"
"39035116800","11"
"39061003600","1"
"39049002510","3"
"39113000100","10"
"39069000700","5"
"39075976801","7"
"39113004300","10"
"39113040201","10"
"39139002101","12"
"39099811300","13"
"39035141300","11"
"39155933700","13"
"39109330100","8"
"39035132200","11"
"39035115100","11"
"39041012300","12"
"39009972700","15"
"39007000500","14"
"39061010002","1"
"39057280101","10"
"39075976802","7"
"39113040303","10"
"39165032201","1"
"39149971400","4"
"39059977300","6"
"39041011560","12"
"39095001000","9"
"39165032100","1"
"39151713201","7"
"39085204301","14"
"39085205200","14"
"39035103602","11"
"39099802800","13"
"39061021702","2"
"39095005400","9"
"39001770200","2"
"39061025700","1"
"39155932600","13"
"39139000600","12"
"39035122300","11"
"39017011300","8"
"39095001800","9"
"39091004200","4"
"39125960100","5"
"39049007199","3"
"39099804200","13"
"39045031400","15"
"39121968300","6"
"39085204000","14"
"39039958400","5"
"39035132100","11"
"39005970300","7"
"39153508600","11"
"39035177104","9"
"39129020320","15"
"39061021101","1"
"39049006931","3"
"39011041000","4"
"39043041400","9"
"39113070300","10"
"39063000900","5"
"39061021421","1"
"39135450100","8"
"39095010300","9"
"39035188105","11"
"39061010202","1"
"39057210602","10"
"39093060100","4"
"39113120102","10"
"39155933600","13"
"39061025002","2"
"39023002701","8"
"39035123601","9"
"39061021201","1"
"39061009200","1"
"39035172103","14"
"39045030900","15"
"39165030200","1"
"39095005100","9"
"39113115012","10"
"39151712602","7"
"39057240700","10"
"39113002900","10"
"39139000700","12"
"39095002800","9"
"39169003400","16"
"39059977700","6"
"39113040103","10"
"39151714100","7"
"39049009430","3"
"39045032200","15"
"39153532702","14"
"39049009326","3"
"39061002600","1"
"39153532502","11"
"39035101101","11"
"39103408001","16"
"39003013700","4"
"39035123100","9"
"39037550100","8"
"39063001100","5"
"39113003000","10"
"39113165200","10"
"39055312000","14"
"39041011750","12"
"39165032300","1"
"39041011760","12"
"39131952400","2"
"39035189109","16"
"39035102401","9"
"39035188107","11"
"39117965300","12"
"39147963200","4"
"39057200900","10"
"39095009000","5"
"39147962600","4"
"39039958500","5"
"39049008812","3"
"39041011430","12"
"39133601502","13"
"39085206300","14"
"39017011004","8"
"39061010005","1"
"39035116300","11"
"39035154601","11"
"39061020742","1"
"39099800400","13"
"39035180103","11"
"39101000300","4"
"39043040600","9"
"39113003403","10"
"39077915700","4"
"39035183604","11"
"39035174206","16"
"39113001100","10"
"39035119202","11"
"39041011200","12"
"39035121403","11"
"39035185102","11"
"39099814100","13"
"39057200101","10"
"39093023500","9"
"39031961600","7"
"39035160300","9"
"39035117300","11"
"39083007500","7"
"39057210500","10"
"39035196000","11"
"39035174204","16"
"39029951300","6"
"39025040800","2"
"39035183300","11"
"39173022500","5"
"39007000704","14"
"39085205701","14"
"39035187105","11"
"39165030504","1"
"39035140900","11"
"39035105900","9"
"39035196500","11"
"39057200104","10"
"39095000300","9"
"39061025001","2"
"39113020800","10"
"39099811200","13"
"39093070800","4"
"39061020404","1"
"39035117102","11"
"39035141200","11"
"39017011128","8"
"39113003100","10"
"39061021202","1"
"39035173107","16"
"39061003300","1"
"39035114900","11"
"39061024200","2"
"39079957600","6"
"39057240301","10"
"39061020601","1"
"39035140500","11"
"39041011762","12"
"39167021500","6"
"39173021600","5"
"39155932000","13"
"39035113500","11"
"39035109701","11"
"39119912200","12"
"39123051200","9"
"39035172201","14"
"39061020802","1"
"39061010800","2"
"39049009383","3"
"39099801200","13"
"39061004604","2"
"39111966800","6"
"39035186106","16"
"39035114100","11"
"39063001200","5"
"39085206400","14"
"39081001300","6"
"39061007900","1"
"39035981100","9"
"39061009600","1"
"39061004900","2"
"39113050503","10"
"39097041000","15"
"39127966100","15"
"39035141000","11"
"39057210300","10"
"39035177501","9"
"39157020600","7"
"39035189107","16"
"39049009325","3"
"39023000901","8"
"39035160100","9"
"39035111600","11"
"39061005701","2"
"39035141100","11"
"39035104300","11"
"39049006910","12"
"39049008210","3"
"39049006933","3"
"39061008502","1"
"39049009340","3"
"39169002901","16"
"39113020200","10"
"39025040600","2"
"39017011127","8"
"39049008720","3"
"39165032501","1"
"39113020500","10"
"39113020602","10"
"39057210100","10"
"39057200700","10"
"39015951900","2"
"39091004600","4"
"39113110202","10"
"39123050301","9"
"39075976600","7"
"39023000700","8"
"39061004605","2"
"39035151500","11"
"39051040900","5"
"39061010201","1"
"39141956800","2"
"39113100301","10"
"39049007115","3"
"39007000603","14"
"39147963500","4"
"39037555102","8"
"39047926100","10"
"39041011101","12"
"39151700700","7"
"39095002500","9"
"39041010530","12"
"39009973200","15"
"39049006932","3"
"39003012100","4"
"39061001600","1"
"39035174106","16"
"39071954900","2"
"39061006800","1"
"39035114501","11"
"39049980000","3"
"39123050100","9"
"39153505300","11"
"39035152502","11"
"39049009322","3"
"39083006700","7"
"39055311400","14"
"39061026900","1"
"39055311300","14"
"39095000600","9"
"39041011604","12"
"39113002200","10"
"39113000200","10"
"39063001000","5"
"39113070101","10"
"39089751000","12"
"39033974300","4"
"39173021800","5"
"39113020601","10"
"39147963700","4"
"39071955000","2"
"39035117400","11"
"39049007120","3"
"39017013000","8"
"39081011700","6"
"39153507600","13"
"39035154700","11"
"39017013400","8"
"39035114300","11"
"39017012300","8"
"39093010300","9"
"39085204800","14"
"39113021601","10"
"39151702100","7"
"39049009240","3"
"39151701800","7"
"39099800500","13"
"39035151600","11"
"39035121500","11"
"39093022400","9"
"39081011500","6"
"39155921300","13"
"39035133103","11"
"39021010600","4"
"39113002300","10"
"39045031700","15"
"39001770100","2"
"39043041500","9"
"39095003700","9"
"39061000900","1"
"39129020310","15"
"39085200300","14"
"39035160200","9"
"39109315300","8"
"39067975700","6"
"39089755600","12"
"39113125102","10"
"39173020500","5"
"39055312201","14"
"39045030300","15"
"39049005410","3"
"39009972800","15"
"39003012700","4"
"39035119502","11"
"39049009210","3"
"39165031902","1"
"39095002402","9"
"39151711212","16"
"39109315002","8"
"39049002900","3"
"39151700300","7"
"39035171104","11"
"39061000200","1"
"39017011129","8"
"39013012400","6"
"39035195700","11"
"39057240200","10"
"39153505800","13"
"39155931601","13"
"39107967400","5"
"39027964700","15"
"39007000602","14"
"39049006942","3"
"39091004500","4"
"39035118900","11"
"39035116500","11"
"39095002600","9"
"39035106300","9"
"39157020800","7"
"39013012000","6"
"39109365101","8"
"39073965100","15"
"39015951300","2"
"39049007550","3"
"39137030200","5"
"39061004603","2"
"39035117600","11"
"39143961800","4"
"39169002500","16"
"39123050201","9"
"39113090800","10"
"39035174205","16"
"39055312100","14"
"39049002780","3"
"39023000500","8"
"39167021400","6"
"39085204200","14"
"39061007500","1"
"39049007494","3"
"39009973902","15"
"39113003404","10"
"39153503702","13"
"39035194300","14"
"39045031100","15"
"39029951900","6"
"39035106800","9"
"39049006945","3"
"39109365301","8"
"39125960400","5"
"39165030101","1"
"39085202700","14"
"39135455001","8"
"39025040101","2"
"39049007830","3"
"39093070902","4"
"39049007534","3"
"39061009902","1"
"39073965400","15"
"39085202600","14"
"39035177604","16"
"39035106400","9"
"39061002200","1"
"39025041200","2"
"39109365302","8"
"39061003800","1"
"39043990100","9"
"39035113801","11"
"39061007200","1"
"39035117800","11"
"39151714302","7"
"39137030100","5"
"39103417000","16"
"39061023222","2"
"39015951700","2"
"39097040500","15"
"39025040702","2"
"39035141400","11"
"39049008311","3"
"39003010900","4"
"39153530902","13"
"39033974700","4"
"39041010422","12"
"39095007800","5"
"39023001300","8"
"39061006900","1"
"39099813200","6"
"39085202100","14"
"39095007102","5"
"39143961700","4"
"39057210603","10"
"39155932500","13"
"39031961700","7"
"39049002300","3"
"39173021901","5"
"39041010200","12"
"39003010800","4"
"39049007193","12"
"39161020700","5"
"39029951100","6"
"39115969100","15"
"39143961600","4"
"39037520100","8"
"39037570101","8"
"39155920800","13"
"39133600704","13"
"39153502800","13"
"39081001200","6"
"39035188106","11"
"39019720500","6"
"39113002400","10"
"39151700400","7"
"39061021304","1"
"39113120103","10"
"39113001501","10"
"39097040700","15"
"39061004602","2"
"39035111800","11"
"39035161100","9"
"39099812200","6"
"39023001102","8"
"39151711211","16"
"39109325000","8"
"39061020707","1"
"39049009311","3"
"39099810200","13"
"39035184108","14"
"39095003500","9"
"39167020800","6"
"39035111902","11"
"39095009102","5"
"39171950700","5"
"39035177609","16"
"39061009901","1"
"39045032300","15"
"39153530603","14"
"39061005200","2"
"39049009420","3"
"39041010520","12"
"39017012700","8"
"39153534000","14"
"39049008322","3"
"39173021400","5"
"39049007520","3"
"39061010700","1"
"39089756500","12"
"39055310200","14"
"39155933900","13"
"39029950200","6"
"39035161400","9"
"39035103300","11"
"39129020100","15"
"39099813300","6"
"39083006802","7"
"39017001300","8"
"39123050202","9"
"39035110901","11"
"39113090304","10"
"39093070901","4"
"39173020401","5"
"39035151800","11"
"39061010600","1"
"39057240100","10"
"39151713100","7"
"39061024700","2"
"39049009362","3"
"39061021102","1"
"39153530605","14"
"39113021502","10"
"39113002000","10"
"39075976301","7"
"39127966000","15"
"39035154200","11"
"39049009323","3"
"39035104100","11"
"39069000100","5"
"39035102900","11"
"39061027200","1"
"39035187103","11"
"39075976700","7"
"39035107802","11"
"39157020700","7"
"39159050700","4"
"39103417300","16"
"39057210401","10"
"39055311600","14"
"39123050302","9"
"39025041101","2"
"39031961500","7"
"39113100202","10"
"39095007400","9"
"39155921400","13"
"39061006400","1"
"39153531602","16"
"39037555101","8"
"39173020900","5"
"39127966200","15"
"39061021801","2"
"39059977400","6"
"39149972000","4"
"39061027400","2"
"39035135104","14"
"39155931900","13"
"39153506700","11"
"39081001000","6"
"39135470102","8"
"39071955200","2"
"39153530105","14"
"39045030800","15"
"39095990000","9"
"39151700500","7"
"39173021702","5"
"39035150300","11"
"39103403001","7"
"39049010100","3"
"39083007200","7"
"39169000600","16"
"39007000300","14"
"39035140301","11"
"39153510100","13"
"39057210402","10"
"39095005503","9"
"39025040403","2"
"39009973400","15"
"39035141601","11"
"39113100203","10"
"39041010100","12"
"39111966700","6"
"39165031300","1"
"39049004900","3"
"39131952300","2"
"39003011200","4"
"39095002000","9"
"39113001600","10"
"39035113600","11"
"39151714802","7"
"39153531102","16"
"39095009400","5"
"39113050301","10"
"39089759100","12"
"39095001303","9"
"39093023100","9"
"39023000902","8"
"39113000900","10"
"39035140100","11"
"39085202500","14"
"39101000502","4"
"39127966300","15"
"39035132301","11"
"39061002900","1"
"39061005702","2"
"39095003400","9"
"39113021602","10"
"39151711501","16"
"39033974500","4"
"39153506600","11"
"39169001300","16"
"39095003200","9"
"39061021303","1"
"39005970200","7"
"39145003600","2"
"39035108301","11"
"39023002404","8"
"39099811700","13"
"39035118301","11"
"39061008201","1"
"39089757400","12"
"39035121800","11"
"39035115900","11"
"39095009500","5"
"39035124201","9"
"39003012000","4"
"39101000800","4"
"39049007721","3"
"39113080500","10"
"39153532705","14"
"39049005900","3"
"39099813500","6"
"39035112800","11"
"39067975600","6"
"39165032502","1"
"39035150400","11"
"39113070201","10"
"39133600200","14"
"39113090700","10"
"39061027100","1"
"39035137102","9"
"39155932300","13"
"39133600602","13"
"39035120400","11"
"39085204700","14"
"39035118800","11"
"39099801600","13"
"39035102800","11"
"39035183603","11"
"39035152102","11"
"39151711411","16"
"39061021701","2"
"39061024800","2"
"39095008901","5"
"39085204302","14"
"39049009336","3"
"39089754102","12"
"39049009712","15"
"39133600301","14"
"39061021302","1"
"39061010100","1"
"39035192800","11"
"39049009331","3"
"39023002501","8"
"39017010908","8"
"39061022000","2"
"39099812500","13"
"39049009000","3"
"39041012100","12"
"39035175106","16"
"39109390100","8"
"39167020300","6"
"39117965100","12"
"39049008163","3"
"39101010400","4"
"39063000500","5"
"39035171203","11"
"39003012400","4"
"39017010104","8"
"39099802900","13"
"39157020200","7"
"39025041102","2"
"39165030102","1"
"39099811901","13"
"39113002800","10"
"39035134300","9"
"39017012200","8"
"39149971700","4"
"39033974600","4"
"39097040400","15"
"39021010500","4"
"39061006100","1"
"39083007100","7"
"39049008000","15"
"39017011131","8"
"39141955601","15"
"39153532706","14"
"39145003400","2"
"39023001900","8"
"39169980000","16"
"39029950800","6"
"39099813700","13"
"39025041305","2"
"39143961500","4"
"39141956200","2"
"39017013500","8"
"39061023501","2"
"39061005500","2"
"39017001100","8"
"39091003900","4"
"39131952500","2"
"39151712700","7"
"39061025200","2"
"39003011000","4"
"39061005000","2"
"39155932200","13"
"39061020602","1"
"39093013200","7"
"39023001600","8"
"39055312203","14"
"39091003800","4"
"39103415200","16"
"39001770600","2"
"39089756800","12"
"39173020200","5"
"39017013900","8"
"39155930200","14"
"39049004500","3"
"39173022300","5"
"39103417200","16"
"39113090303","10"
"39003012600","4"
"39035140701","11"
"39155932900","13"
"39025041800","2"
"39145003300","2"
"39093071500","4"
"39113080200","10"
"39035123602","9"
"39095007001","5"
"39035151100","11"
"39133600703","13"
"39061007000","1"
"39027964600","15"
"39113040405","10"
"39161020900","5"
"39035173103","16"
"39161020600","5"
"39035154100","11"
"39061007800","1"
"39095009900","9"
"39113100302","10"
"39145003700","2"
"39099801300","13"
"39113080700","10"
"39151714801","7"
"39025041000","2"
"39093070400","4"
"39089751600","12"
"39091004100","4"
"39013010802","6"
"39151712300","7"
"39143961300","4"
"39061026200","1"
"39003010300","4"
"39151711900","16"
"39035174107","16"
"39029952000","6"
"39113021200","10"
"39061020705","1"
"39061005400","2"
"39035193900","11"
"39049001121","3"
"39013010300","6"
"39151711202","16"
"39033975200","4"
"39023002601","8"
"39007000601","14"
"39055310700","14"
"39165031400","1"
"39169000700","16"
"39113091000","10"
"39049000330","3"
"39077915800","4"
"39085990000","14"
"39151713502","7"
"39035101700","11"
"39135455002","8"
"39173020700","5"
"39035119800","11"
"39101001100","4"
"39093070101","4"
"39035117900","11"
"39011040300","4"
"39049007041","12"
"39035106900","9"
"39061027000","1"
"39019720600","6"
"39109315100","8"
"39099801400","13"
"39151701700","7"
"39003013800","4"
"39093071000","4"
"39139002102","12"
"39081011300","6"
"39021011505","4"
"39049009371","3"
"39033974400","4"
"39049010700","12"
"39069000400","5"
"39113070400","10"
"39085205100","14"
"39017010909","8"
"39017011117","8"
"39165031700","1"
"39003012300","4"
"39109365200","8"
"39113004100","10"
"39029951400","6"
"39093080500","7"
"39035181201","16"
"39003011300","4"
"39153520500","13"
"39095006800","9"
"39017011002","8"
"39155920300","13"
"39095006600","9"
"39099812001","13"
"39167021300","6"
"39023000200","8"
"39173021200","5"
"39113040203","10"
"39017010906","8"
"39085203400","14"
"39017013300","8"
"39093050100","4"
"39095001400","9"
"39099813800","13"
"39035114600","11"
"39045032000","15"
"39099800300","13"
"39035183402","11"
"39129020400","15"
"39093050400","4"
"39061020741","1"
"39043040800","9"
"39061024301","1"
"39035110801","11"
"39007001102","14"
"39167021000","6"
"39035185202","11"
"39087050700","6"
"39011040900","4"
"39061001800","1"
"39173020800","5"
"39087051001","6"
"39049002710","3"
"39061022602","2"
"39103402000","7"
"39035179102","11"
"39151714701","7"
"39049001000","12"
"39127965900","15"
"39009973300","15"
"39035174104","16"
"39173020402","5"
"39155931100","14"
"39095000700","9"
"39017012400","8"
"39031961000","7"
"39175938100","5"
"39017014700","8"
"39103403002","7"
"39165031903","1"
"39035195900","14"
"39035120701","11"
"39037540100","8"
"39017010302","8"
"39113070500","10"
"39153533000","13"
"39035174207","16"
"39113020300","10"
"39041011900","12"
"39035184105","14"
"39035138109","9"
"39055310800","14"
"39061020762","1"
"39133600403","13"
"39111966600","6"
"39049009900","3"
"39049006393","12"
"39003013400","4"
"39049007202","3"
"39075976500","7"
"39003013000","4"
"39141956500","2"
"39085202900","14"
"39035186201","16"
"39113002700","10"
"39045031200","15"
"39035140800","11"
"39077916100","7"
"39017011120","8"
"39023001500","8"
"39095004800","9"
"39003011600","4"
"39003011900","4"
"39113003800","10"
"39035177606","16"
"39169000300","16"
"39101000900","4"
"39113040302","10"
"39035121700","11"
"39049009332","3"
"39133600901","13"
"39023001400","8"
"39153506500","11"
"39151701000","7"
"39035115800","11"
"39043041600","9"
"39035189111","16"
"39049007512","3"
"39025041307","2"
"39035171205","11"
"39151714702","7"
"39113070600","10"
"39175938300","5"
"39085201600","14"
"39057200400","10"
"39045033000","15"
"39035183605","11"
"39149971800","4"
"39133600902","13"
"39041011411","12"
"39059977800","6"
"39017013600","8"
"39035170102","14"
"39151714000","7"
"39035184103","14"
"39061026400","1"
"39035103400","11"
"39035131103","11"
"39093023200","9"
"39087051300","6"
"39077916000","4"
"39085200800","14"
"39049006391","12"
"39049004610","3"
"39035116700","11"
"39049008120","3"
"39049007395","3"
"39141956400","2"
"39175938000","5"
"39085206100","14"
"39099814000","13"
"39155930300","14"
"39013012100","6"
"39099801000","13"
"39153532999","16"
"39143962200","4"
"39135440100","8"
"39011041100","4"
"39025040203","2"
"39093022500","9"
"39049002730","3"
"39007000702","14"
"39137030400","5"
"39135480100","8"
"39049003800","3"
"39161020100","5"
"39015951201","2"
"39035103500","11"
"39061021501","1"
"39085200700","14"
"39113003900","10"
"39085201700","14"
"39037510100","8"
"39045032900","15"
"39089759000","12"
"39049001600","3"
"39085200500","14"
"39049009250","3"
"39049007533","3"
"39049000910","3"
"39041011730","12"
"39119911700","12"
"39049007740","3"
"39035190503","16"
"39035161800","9"
"39113100102","10"
"39005970700","7"
"39085203000","14"
"39035140702","11"
"39095002100","9"
"39097040101","15"
"39151713900","7"
"39007000900","14"
"39139003001","12"
"39153510302","13"
"39129021100","15"
"39103416300","16"
"39035126100","11"
"39015951800","2"
"39049007811","15"
"39113140100","10"
"39049000210","12"
"39103406000","16"
"39035188103","11"
"39021011506","4"
"39035187104","11"
"39049006392","12"
"39023000600","8"
"39151711502","7"
"39101010500","12"
"39035152101","11"
"39035140400","11"
"39155930500","14"
"39095004400","9"
"39089753300","12"
"39173021500","5"
"39081000400","6"
"39089757100","12"
"39017011110","8"
"39017011109","8"
"39045030600","15"
"39035138105","9"
"39153530903","13"
"39099812603","13"
"39051040100","5"
"39059978000","6"
"39051040800","5"
"39153504800","13"
"39023002800","8"
"39151701300","7"
"39095005901","5"
"39045031600","15"
"39165030501","1"
"39035121100","11"
"39081011401","6"
"39049005610","3"
"39161020300","5"
"39043040700","9"
"39093024200","9"
"39005970600","7"
"39061000700","1"
"39091004400","4"
"39151710800","13"
"39035116200","11"
"39055311500","14"
"39153520600","13"
"39049006394","12"
"39035130106","9"
"39035172101","14"
"39095005802","5"
"39109320100","8"
"39167021100","6"
"39113115002","10"
"39159050602","4"
"39057240500","10"
"39153503701","13"
"39095003900","9"
"39057255000","10"
"39095006000","5"
"39001770500","2"
"39093023000","9"
"39017012500","8"
"39129021600","15"
"39095006900","9"
"39061025101","2"
"39101000501","4"
"39165030503","1"
"39049000110","12"
"39049010601","15"
"39007001301","14"
"39049007020","12"
"39041011550","12"
"39087051402","6"
"39049005820","3"
"39085200100","14"
"39099804100","13"
"39049010602","15"
"39049009386","3"
"39023003002","8"
"39011040400","4"
"39051040500","5"
"39017010101","8"
"39165032004","1"
"39113040305","10"
"39051040700","5"
"39061026800","2"
"39085206000","14"
"39155933100","13"
"39113000700","10"
"39023000300","8"
"39093097400","9"
"39025040500","2"
"39059977200","6"
"39035177201","9"
"39035161200","9"
"39049009220","3"
"39099812302","13"
"39043041000","9"
"39113050303","10"
"39095008302","5"
"39095002300","9"
"39049000720","3"
"39035177103","9"
"39035111700","11"
"39049000220","12"
"39049009230","3"
"39173021300","5"
"39131952200","2"
"39169002200","16"
"39049008110","3"
"39093022200","9"
"39103416400","16"
"39151710400","13"
"39155931000","13"
"39151701100","7"
"39095004503","5"
"39049002200","3"
"39049008242","3"
"39017014600","8"
"39099812002","13"
"39095010100","9"
"39093097100","7"
"39093021200","9"
"39029951600","6"
"39041011710","12"
"39049007201","12"
"39135430100","8"
"39025042000","2"
"39029952400","6"
"39059977500","6"
"39099812800","13"
"39049007113","3"
"39049006352","15"
"39035133104","11"
"39029951800","6"
"39055312202","14"
"39049006384","12"
"39029950100","6"
"39113040102","10"
"39153505400","13"
"39051040200","5"
"39035136101","11"
"39095005902","5"
"39049000310","3"
"39089758300","12"
"39151710500","13"
"39049007426","12"
"39035196400","9"
"39025041404","2"
"39099811500","13"
"39035178201","16"
"39035170101","14"
"39103415300","16"
"39093080104","7"
"39035151200","11"
"39017010903","8"
"39095001500","9"
"39153530606","14"
"39049000710","3"
"39035174203","16"
"39085202400","14"
"39113010100","10"
"39035122200","11"
"39095003100","9"
"39093021100","9"
"39035174103","16"
